row_id,column_name,issue_type,original_value,dirty_value
T00003419,value,missing,507771.0,
T00009693,location,missing,Mon,
T00000867,transaction_count,missing,2545.0,
T00005607,domain,missing,PUBLIC,
T00008255,location,missing,Jaipur,
T00005145,transaction_count,missing,2248.0,
T00001619,transaction_count,missing,585.0,
T00005740,location,missing,Bhopal,
T00006350,value,missing,801406.0,
T00005505,domain,missing,RESTAURANT,
T00000045,domain,missing,EDUCATION,
T00006966,location,missing,Ara,
T00007698,transaction_count,missing,1369.0,
T00000573,value,missing,413699.0,
T00002361,location,missing,Bhind,
T00000201,location,missing,Kolkata,
T00006663,domain,missing,INTERNATIONAL,
T00002300,location,missing,Akola,
T00008123,domain,missing,INVESTMENTS,
T00005595,domain,missing,RESTAURANT,
T00008263,value,missing,1047874.0,
T00009296,domain,missing,EDUCATION,
T00003934,domain,missing,RESTAURANT,
T00008319,value,missing,953372.0,
T00000501,location,missing,Kanpur,
T00004492,location,missing,Patiala,
T00003754,domain,missing,RETAIL,
T00006736,domain,missing,INTERNATIONAL,
T00002166,location,missing,Bidar,
T00003852,value,missing,1045882.0,
T00008894,location,missing,Durg,
T00004362,value,missing,1057466.0,
T00000512,value,missing,717007.0,
T00005234,location,missing,Mathura,
T00000139,location,missing,Bikaner,
T00000540,location,missing,Mathura,
T00004374,domain,missing,INVESTMENTS,
T00006272,value,missing,449099.0,
T00003960,value,missing,818794.0,
T00008104,location,missing,Madurai,
T00008224,location,missing,Buxar,
T00004722,location,missing,Jaipur,
T00007488,value,missing,704939.0,
T00006796,transaction_count,missing,1222.0,
T00003642,domain,missing,INTERNATIONAL,
T00009890,location,missing,Bombay,
T00000711,domain,missing,PUBLIC,
T00002049,location,missing,Madurai,
T00007467,domain,missing,EDUCATION,
T00002437,location,missing,Patiala,
T00003505,location,missing,Amritsar,
T00006117,location,missing,Kullu,
T00002614,location,missing,Madurai,
T00006577,transaction_count,missing,1329.0,
T00008560,transaction_count,missing,837.0,
T00002053,domain,missing,INTERNATIONAL,
T00003248,location,missing,Delhi,
T00008747,transaction_count,missing,1969.0,
T00009882,value,missing,1177076.0,
T00002894,domain,missing,RESTAURANT,
T00003625,value,missing,1145898.0,
T00000043,domain,missing,MEDICAL,
T00000323,domain,missing,EDUCATION,
T00002792,value,missing,726918.0,
T00005758,value,missing,454616.0,
T00007419,transaction_count,missing,614.0,
T00000454,location,missing,Bhind,
T00002358,transaction_count,missing,1231.0,
T00007548,location,missing,Ara,
T00007179,value,missing,429012.0,
T00009477,domain,missing,MEDICAL,
T00008316,domain,missing,PUBLIC,
T00002767,transaction_count,missing,482.0,
T00003812,transaction_count,missing,785.0,
T00009510,transaction_count,missing,1304.0,
T00004593,location,missing,Bikaner,
T00008561,domain,missing,INVESTMENTS,
T00008853,transaction_count,missing,1570.0,
T00005847,value,missing,988695.0,
T00005094,domain,missing,RESTAURANT,
T00003240,transaction_count,missing,1737.0,
T00002117,transaction_count,missing,1555.0,
T00003200,location,missing,Kanpur,
T00005124,transaction_count,missing,412.0,
T00007529,transaction_count,missing,2254.0,
T00009328,value,missing,1162975.0,
T00006177,value,missing,843789.0,
T00009372,location,missing,Kannur,
T00004553,transaction_count,missing,1468.0,
T00009960,transaction_count,missing,845.0,
T00000841,transaction_count,missing,1952.0,
T00003892,value,missing,385353.0,
T00003521,domain,missing,RESTAURANT,
T00004764,location,missing,Daman,
T00004244,location,missing,Mon,
T00004905,transaction_count,missing,1765.0,
T00006382,value,missing,1075718.0,
T00000042,value,missing,737620.0,
T00007270,domain,missing,RETAIL,
T00007615,transaction_count,missing,1332.0,
T00006880,location,missing,Kota,
T00005787,domain,missing,PUBLIC,
T00004319,transaction_count,missing,2328.0,
T00000185,domain,missing,INTERNATIONAL,
T00007422,domain,missing,PUBLIC,
T00005821,domain,missing,INTERNATIONAL,
T00005305,location,missing,Madurai,
T00005705,domain,missing,RETAIL,
T00000182,transaction_count,missing,632.0,
T00000526,value,missing,837109.0,
T00002862,location,missing,Tirumala,
T00008069,domain,missing,INVESTMENTS,
T00002502,location,missing,Lucknow,
T00003190,domain,missing,INVESTMENTS,
T00005038,transaction_count,missing,568.0,
T00006733,location,missing,Doda,
T00006008,location,missing,Kochin,
T00008509,domain,missing,INVESTMENTS,
T00003230,domain,missing,EDUCATION,
T00005759,domain,missing,INTERNATIONAL,
T00009164,domain,missing,EDUCATION,
T00002974,value,missing,580872.0,
T00001067,transaction_count,missing,1185.0,
T00001025,transaction_count,missing,2239.0,
T00003064,location,missing,Kannur,
T00008115,transaction_count,missing,1391.0,
T00005132,value,missing,631002.0,
T00005440,domain,missing,PUBLIC,
T00004293,domain,missing,RESTAURANT,
T00003404,value,missing,1157724.0,
T00002995,location,missing,Varanasi,
T00007344,domain,missing,PUBLIC,
T00000961,transaction_count,missing,635.0,
T00009180,value,missing,305572.0,
T00001409,value,missing,724859.0,
T00007482,transaction_count,missing,1308.0,
T00005828,transaction_count,missing,2425.0,
T00006631,transaction_count,missing,1897.0,
T00000938,location,missing,Pune,
T00004095,transaction_count,missing,875.0,
T00001193,value,missing,411117.0,
T00001592,value,missing,327023.0,
T00008846,transaction_count,missing,638.0,
T00003219,domain,missing,PUBLIC,
T00007340,location,missing,Tirumala,
T00000426,domain,missing,INVESTMENTS,
T00002171,location,missing,Kanpur,
T00006301,location,missing,Mon,
T00007266,transaction_count,missing,1198.0,
T00009072,transaction_count,missing,1397.0,
T00000791,location,missing,Jaipur,
T00004507,location,missing,Akola,
T00000973,value,missing,913646.0,
T00007094,transaction_count,missing,683.0,
T00003044,transaction_count,missing,881.0,
T00001040,domain,missing,RESTAURANT,
T00004647,domain,missing,PUBLIC,
T00003434,value,missing,603303.0,
T00003488,location,missing,Goa,
T00008695,domain,missing,RETAIL,
T00009085,domain,missing,RETAIL,
T00002355,location,missing,Ambala,
T00001462,location,missing,Mathura,
T00009667,value,missing,448969.0,
T00006055,domain,missing,MEDICAL,
T00002756,value,missing,949656.0,
T00000023,value,missing,1129597.0,
T00002296,location,missing,Jaipur,
T00000055,domain,missing,MEDICAL,
T00007481,value,missing,571925.0,
T00005862,value,missing,1104890.0,
T00003516,location,missing,Ambala,
T00008814,location,missing,Doda,
T00008801,value,missing,741172.0,
T00003880,location,missing,Ranchi,
T00009423,location,missing,Madurai,
T00004144,location,missing,Srinagar,
T00009228,location,missing,Konark,
T00009760,value,missing,604128.0,
T00009458,location,missing,Kochin,
T00003354,location,missing,Ara,
T00008225,value,missing,698010.0,
T00009779,location,missing,Hyderabad,
T00007678,domain,missing,RETAIL,
T00004061,transaction_count,missing,1406.0,
T00007208,domain,missing,INTERNATIONAL,
T00006760,value,missing,956140.0,
T00000643,location,missing,Patiala,
T00003689,domain,missing,RETAIL,
T00008362,domain,missing,RETAIL,
T00001013,transaction_count,missing,575.0,
T00007577,location,missing,Bikaner,
T00007096,location,missing,Kochin,
T00003469,value,missing,720865.0,
T00000060,domain,missing,EDUCATION,
T00001326,value,missing,1142394.0,
T00009628,location,missing,Amritsar,
T00006800,value,missing,1034268.0,
T00004615,domain,missing,MEDICAL,
T00007826,transaction_count,missing,1583.0,
T00007816,domain,missing,INVESTMENTS,
T00006956,value,missing,826335.0,
T00002643,value,missing,985989.0,
T00001634,location,missing,Ranchi,
T00006254,domain,missing,MEDICAL,
T00005300,location,missing,Varanasi,
T00002723,transaction_count,missing,1826.0,
T00000964,transaction_count,missing,2155.0,
T00006093,transaction_count,missing,460.0,
T00006960,domain,missing,INVESTMENTS,
T00007795,value,missing,438797.0,
T00004834,domain,missing,INVESTMENTS,
T00006700,value,missing,712126.0,
T00009910,location,missing,Amritsar,
T00004312,value,missing,1005001.0,
T00008109,value,missing,559458.0,
T00000406,transaction_count,missing,1686.0,
T00001464,location,missing,Jaipur,
T00001421,location,missing,Mathura,
T00005076,value,missing,470781.0,
T00005341,domain,missing,PUBLIC,
T00001286,domain,missing,MEDICAL,
T00007947,value,missing,632775.0,
T00003010,transaction_count,missing,1597.0,
T00005927,value,missing,1016778.0,
T00001454,transaction_count,missing,414.0,
T00004478,domain,missing,MEDICAL,
T00009619,location,missing,Bhuj,
T00001082,value,missing,441707.0,
T00005025,location,missing,Patiala,
T00001832,domain,missing,INVESTMENTS,
T00004046,domain,missing,INVESTMENTS,
T00004456,transaction_count,missing,878.0,
T00007013,value,missing,565278.0,
T00002334,location,missing,Konark,
T00005526,location,missing,Bikaner,
T00008755,domain,missing,INTERNATIONAL,
T00008261,transaction_count,missing,1398.0,
T00001164,domain,missing,EDUCATION,
T00001757,transaction_count,missing,2458.0,
T00004347,domain,missing,RESTAURANT,
T00002020,location,missing,Buxar,
T00000736,location,missing,Trichy,
T00005398,transaction_count,missing,1980.0,
T00008585,domain,missing,INTERNATIONAL,
T00000754,location,missing,Patiala,
T00000389,location,missing,Daman,
T00005940,location,missing,Mon,
T00004071,domain,missing,RETAIL,
T00001562,transaction_count,missing,2153.0,
T00007874,location,missing,Mon,
T00005503,location,missing,Kochin,
T00007112,location,missing,Trichy,
T00008292,transaction_count,missing,521.0,
T00003054,location,missing,Kolkata,
T00001649,location,missing,Buxar,
T00003659,location,missing,Kota,
T00001504,location,missing,Delhi,
T00009343,domain,missing,INTERNATIONAL,
T00003217,value,missing,864291.0,
T00005166,domain,missing,RESTAURANT,
T00003306,domain,missing,PUBLIC,
T00001588,domain,missing,INTERNATIONAL,
T00004246,location,missing,Tirumala,
T00009116,transaction_count,missing,417.0,
T00005777,value,missing,460489.0,
T00006398,transaction_count,missing,2407.0,
T00007582,location,missing,Surat,
T00002136,transaction_count,missing,1519.0,
T00000854,domain,missing,MEDICAL,
T00007948,value,missing,1127352.0,
T00004394,transaction_count,missing,1251.0,
T00001628,value,missing,753043.0,
T00000211,transaction_count,missing,1776.0,
T00005349,location,missing,Goa,
T00000887,domain,missing,EDUCATION,
T00009112,transaction_count,missing,1028.0,
T00002163,domain,missing,INTERNATIONAL,
T00009315,transaction_count,missing,989.0,
T00008275,value,missing,504598.0,
T00001048,transaction_count,missing,2370.0,
T00003299,location,missing,Banglore,
T00007475,transaction_count,missing,1411.0,
T00009761,domain,missing,RETAIL,
T00003533,location,missing,Bikaner,
T00005507,domain,missing,INVESTMENTS,
T00003313,transaction_count,missing,826.0,
T00009327,value,missing,1050939.0,
T00001465,transaction_count,missing,2337.0,
T00006458,transaction_count,missing,2417.0,
T00000925,location,missing,Kota,
T00006871,domain,missing,INTERNATIONAL,
T00003747,transaction_count,missing,634.0,
T00006113,location,missing,Lunglei,
T00008110,domain,missing,INVESTMENTS,
T00008087,transaction_count,missing,1840.0,
T00008078,transaction_count,missing,1726.0,
T00008405,location,missing,Patiala,
T00006047,transaction_count,missing,441.0,
T00000117,domain,missing,INVESTMENTS,
T00004500,domain,missing,INVESTMENTS,
T00002526,location,missing,Kochin,
T00003367,value,missing,473244.0,
T00006701,domain,missing,INVESTMENTS,
T00000718,domain,missing,RETAIL,
T00009955,value,missing,568149.0,
T00003952,transaction_count,missing,774.0,
T00007431,value,missing,491076.0,
T00003170,transaction_count,missing,464.0,
T00007336,transaction_count,missing,1424.0,
T00001715,value,missing,401392.0,
T00006859,value,missing,393776.0,
T00006777,transaction_count,missing,2215.0,
T00000044,location,missing,Banglore,
T00002784,domain,missing,INVESTMENTS,
T00008308,transaction_count,missing,1573.0,
T00007939,location,missing,Vellore,
T00002168,transaction_count,missing,1820.0,
T00006797,location,missing,Kolkata,
T00008194,transaction_count,missing,1809.0,
T00004934,domain,missing,PUBLIC,
T00005811,value,missing,1020977.0,
T00002835,location,missing,Daman,
T00007855,location,missing,Bhuj,
T00003544,location,missing,Mon,
T00008693,transaction_count,missing,708.0,
T00003471,location,missing,Bidar,
T00001311,transaction_count,missing,1221.0,
T00001825,location,missing,Lunglei,
T00002633,domain,missing,RETAIL,
T00001222,transaction_count,missing,1915.0,
T00004845,domain,missing,PUBLIC,
T00008060,location,missing,Ahmedabad,
T00009869,transaction_count,missing,2471.0,
T00008993,transaction_count,missing,2241.0,
T00002024,transaction_count,missing,949.0,
T00008118,location,missing,Mathura,
T00002660,transaction_count,missing,2054.0,
T00005825,location,missing,Vellore,
T00001375,value,missing,319345.0,
T00004984,value,missing,1085900.0,
T00001209,domain,missing,INTERNATIONAL,
T00003039,location,missing,Lunglei,
T00004862,location,missing,Banglore,
T00006170,location,missing,Ludhiana,
T00008366,location,missing,Daman,
T00001156,value,missing,1058077.0,
T00008959,domain,missing,INTERNATIONAL,
T00005167,domain,missing,INVESTMENTS,
T00002554,transaction_count,missing,842.0,
T00001446,location,missing,Madurai,
T00006052,value,missing,476397.0,
T00000106,value,missing,962614.0,
T00004765,value,missing,318753.0,
T00009263,location,missing,Vellore,
T00006957,location,missing,Bhuj,
T00003776,transaction_count,missing,771.0,
T00002216,transaction_count,missing,1244.0,
T00006915,location,missing,Kochin,
T00006372,value,missing,1025347.0,
T00002692,transaction_count,missing,1194.0,
T00002564,domain,missing,RETAIL,
T00009142,transaction_count,missing,1459.0,
T00004235,location,missing,Vellore,
T00000267,transaction_count,missing,894.0,
T00003204,value,missing,649637.0,
T00004449,transaction_count,missing,1306.0,
T00008392,domain,missing,MEDICAL,
T00009799,domain,missing,PUBLIC,
T00007924,transaction_count,missing,2061.0,
T00004602,value,missing,526846.0,
T00004735,value,missing,511119.0,
T00004545,domain,missing,MEDICAL,
T00001647,domain,missing,MEDICAL,
T00000537,transaction_count,missing,1673.0,
T00001305,location,missing,Durg,
T00002738,value,missing,1199331.0,
T00002806,location,missing,Patiala,
T00005091,location,missing,Srinagar,
T00001436,domain,missing,PUBLIC,
T00009900,transaction_count,missing,2066.0,
T00000457,transaction_count,missing,828.0,
T00001125,domain,missing,RESTAURANT,
T00003612,location,missing,Bhuj,
T00008132,value,missing,440787.0,
T00004126,location,missing,Surat,
T00006608,value,missing,597671.0,
T00005463,location,missing,Tirumala,
T00004803,domain,missing,INTERNATIONAL,
T00003665,location,missing,Kolkata,
T00008191,value,missing,782415.0,
T00000780,domain,missing,RESTAURANT,
T00004033,transaction_count,missing,562.0,
T00005160,domain,missing,MEDICAL,
T00003758,domain,missing,INVESTMENTS,
T00008941,value,missing,1116948.0,
T00005053,value,missing,1004381.0,
T00001213,location,missing,Kullu,
T00001795,location,missing,Bokaro,
T00003860,domain,missing,EDUCATION,
T00009227,value,missing,315297.0,
T00007027,location,missing,Indore,
T00001831,domain,missing,RETAIL,
T00004696,location,missing,Bhopal,
T00009564,transaction_count,missing,2349.0,
T00000911,location,missing,Lunglei,
T00007051,transaction_count,missing,1649.0,
T00008893,location,missing,Kullu,
T00009422,domain,missing,RETAIL,
T00002842,location,missing,Kullu,
T00003129,location,missing,Hyderabad,
T00002331,domain,missing,RESTAURANT,
T00005142,value,missing,536263.0,
T00003119,location,missing,Ludhiana,
T00004783,value,missing,1104415.0,
T00002338,location,missing,Doda,
T00005284,location,missing,Mathura,
T00000786,location,missing,Doda,
T00002668,domain,missing,INVESTMENTS,
T00004529,value,missing,353805.0,
T00000740,domain,missing,RETAIL,
T00005539,value,missing,708432.0,
T00009574,transaction_count,missing,466.0,
T00004323,transaction_count,missing,914.0,
T00002213,location,missing,Banglore,
T00008622,location,missing,Konark,
T00007295,transaction_count,missing,2002.0,
T00004520,location,missing,Bikaner,
T00007448,location,missing,Jaipur,
T00007986,transaction_count,missing,2036.0,
T00006326,transaction_count,missing,1455.0,
T00009558,transaction_count,missing,859.0,
T00007304,domain,missing,EDUCATION,
T00008812,transaction_count,missing,1777.0,
T00009604,domain,missing,INTERNATIONAL,
T00000225,value,missing,1146364.0,
T00005026,transaction_count,missing,1894.0,
T00006122,value,missing,673670.0,
T00002657,transaction_count,missing,1211.0,
T00003619,location,missing,Mathura,
T00002383,location,missing,Pune,
T00008687,location,missing,Lucknow,
T00004879,location,missing,Doda,
T00000356,value,missing,502741.0,
T00007887,location,missing,Kullu,
T00004056,value,missing,316526.0,
T00008324,location,missing,Bombay,
T00002006,location,missing,Kolkata,
T00007427,domain,missing,RESTAURANT,
T00000159,value,missing,914111.0,
T00009699,transaction_count,missing,781.0,
T00008820,transaction_count,missing,1418.0,
T00008208,location,missing,Betul,
T00000436,location,missing,Buxar,
T00006353,value,missing,889411.0,
T00006363,value,missing,1095343.0,
T00003634,domain,missing,RESTAURANT,
T00009656,value,missing,636633.0,
T00002680,domain,missing,MEDICAL,
T00005796,domain,missing,RETAIL,
T00006106,value,missing,550546.0,
T00008822,domain,missing,INVESTMENTS,
T00006843,location,missing,Kullu,
T00003955,value,missing,674347.0,
T00007134,value,missing,681669.0,
T00001328,location,missing,Srinagar,
T00006337,domain,missing,EDUCATION,
T00007158,transaction_count,missing,2527.0,
T00009073,transaction_count,missing,672.0,
T00007255,transaction_count,missing,2173.0,
T00007190,value,missing,1063811.0,
T00009571,location,missing,Bikaner,
T00007057,transaction_count,missing,917.0,
T00007801,location,missing,Tirumala,
T00007380,domain,missing,RESTAURANT,
T00009368,transaction_count,missing,1118.0,
T00007598,location,missing,Madurai,
T00009311,transaction_count,missing,1198.0,
T00004376,location,missing,Amritsar,
T00004468,transaction_count,missing,1264.0,
T00004125,value,missing,927632.0,
T00008656,location,missing,Durg,
T00003162,location,missing,Durg,
T00002203,transaction_count,missing,2294.0,
T00009125,domain,missing,RETAIL,
T00004050,location,missing,Banglore,
T00009923,location,missing,Kannur,
T00006611,value,missing,967885.0,
T00005558,location,missing,Mathura,
T00004116,value,missing,412729.0,
T00009114,location,missing,Konark,
T00004379,domain,missing,INTERNATIONAL,
T00007499,domain,missing,INVESTMENTS,
T00004868,value,missing,557907.0,
T00001790,location,missing,Bhopal,
T00001613,location,missing,Tirumala,
T00001295,value,missing,438716.0,
T00009858,location,missing,Bikaner,
T00005926,location,missing,Betul,
T00002112,domain,missing,INVESTMENTS,
T00002054,location,missing,Mon,
T00009018,value,missing,469147.0,
T00005169,value,missing,924391.0,
T00001044,transaction_count,missing,452.0,
T00001822,transaction_count,missing,1611.0,
T00002409,domain,missing,INTERNATIONAL,
T00001731,location,missing,Kota,
T00002814,location,missing,Bokaro,
T00004197,value,missing,561602.0,
T00003420,location,missing,Bhuj,
T00001423,transaction_count,missing,1036.0,
T00008226,location,missing,Kolkata,
T00008259,value,missing,686880.0,
T00001192,domain,missing,MEDICAL,
T00002452,transaction_count,missing,1599.0,
T00000888,transaction_count,missing,1244.0,
T00001411,transaction_count,missing,674.0,
T00008691,location,missing,Kanpur,
T00006613,domain,missing,EDUCATION,
T00005703,value,missing,444894.0,
T00004209,location,missing,Daman,
T00003691,transaction_count,missing,2342.0,
T00003868,value,missing,971238.0,
T00004058,value,missing,573138.0,
T00000693,transaction_count,missing,1449.0,
T00001030,transaction_count,missing,1158.0,
T00000986,location,missing,Kannur,
T00002202,domain,missing,PUBLIC,
T00007522,domain,missing,INTERNATIONAL,
T00006775,location,missing,Bidar,
T00008287,value,missing,471323.0,
T00006414,domain,missing,PUBLIC,
T00000250,domain,missing,MEDICAL,
T00005432,value,missing,865244.0,
T00008859,transaction_count,missing,2072.0,
T00004974,domain,missing,PUBLIC,
T00006605,value,missing,1097981.0,
T00001405,domain,missing,EDUCATION,
T00002013,value,missing,708225.0,
T00009149,transaction_count,missing,1856.0,
T00006053,transaction_count,missing,1477.0,
T00001486,value,missing,488816.0,
T00002215,value,missing,1019489.0,
T00009080,transaction_count,missing,1087.0,
T00003981,value,missing,346629.0,
T00003568,location,missing,Srinagar,
T00003669,transaction_count,missing,2365.0,
T00009878,value,missing,926557.0,
T00008364,transaction_count,missing,2500.0,
T00006554,value,missing,661373.0,
T00000462,transaction_count,missing,2388.0,
T00000126,domain,missing,RESTAURANT,
T00005524,domain,missing,PUBLIC,
T00002269,domain,missing,INVESTMENTS,
T00000084,value,missing,1091056.0,
T00009076,value,missing,550154.0,
T00009665,domain,missing,INVESTMENTS,
T00007836,domain,missing,INTERNATIONAL,
T00007500,transaction_count,missing,628.0,
T00009891,transaction_count,missing,627.0,
T00006985,value,missing,852274.0,
T00008672,location,missing,Mathura,
T00001565,location,missing,Banglore,
T00007670,domain,missing,INVESTMENTS,
T00005080,domain,missing,MEDICAL,
T00001506,transaction_count,missing,2322.0,
T00003829,location,missing,Indore,
T00000624,value,missing,1193043.0,
T00009646,value,missing,899418.0,
T00000683,location,missing,Bokaro,
T00003894,domain,missing,RETAIL,
T00003245,value,missing,684081.0,
T00000297,domain,missing,EDUCATION,
T00004562,location,missing,Bikaner,
T00002152,transaction_count,missing,1478.0,
T00004717,value,missing,1143245.0,
T00004842,transaction_count,missing,1547.0,
T00007275,domain,missing,MEDICAL,
T00002073,domain,missing,RETAIL,
T00000179,location,missing,Goa,
T00007460,location,missing,Bhuj,
T00004403,domain,missing,INVESTMENTS,
T00003320,transaction_count,missing,1742.0,
T00006258,domain,missing,INTERNATIONAL,
T00003901,value,missing,361641.0,
T00005576,value,missing,447131.0,
T00009839,value,missing,939056.0,
T00007031,domain,missing,INTERNATIONAL,
T00007152,location,missing,Srinagar,
T00000088,value,missing,890746.0,
T00002284,location,missing,Kochin,
T00008390,value,missing,573030.0,
T00005361,domain,missing,INVESTMENTS,
T00004914,domain,missing,MEDICAL,
T00006866,value,missing,566181.0,
T00008939,value,missing,689991.0,
T00005436,domain,missing,MEDICAL,
T00008096,transaction_count,missing,2216.0,
T00007129,domain,missing,MEDICAL,
T00006495,transaction_count,missing,2246.0,
T00002464,value,missing,956742.0,
T00001070,transaction_count,missing,2279.0,
T00003792,transaction_count,missing,1109.0,
T00003460,location,missing,Tirumala,
T00006095,transaction_count,missing,1270.0,
T00000068,domain,missing,INVESTMENTS,
T00009102,location,missing,Konark,
T00008484,domain,missing,INVESTMENTS,
T00007809,location,missing,Trichy,
T00009493,transaction_count,missing,1296.0,
T00000151,location,missing,Lucknow,
T00003831,domain,missing,RESTAURANT,
T00009424,location,missing,Daman,
T00002919,transaction_count,missing,1954.0,
T00005176,value,missing,1010816.0,
T00007368,value,missing,1176118.0,
T00007382,location,missing,Surat,
T00008183,location,missing,Amritsar,
T00000570,value,missing,561223.0,
T00009543,value,missing,771651.0,
T00009536,transaction_count,missing,595.0,
T00007600,value,missing,726699.0,
T00007109,transaction_count,missing,2392.0,
T00001263,transaction_count,missing,663.0,
T00002917,domain,missing,INVESTMENTS,
T00009830,location,missing,Bhind,
T00005483,location,missing,Buxar,
T00002964,domain,missing,PUBLIC,
T00009120,domain,missing,INVESTMENTS,
T00006808,transaction_count,missing,1598.0,
T00005543,location,missing,Bokaro,
T00002867,domain,missing,INTERNATIONAL,
T00004069,location,missing,Lucknow,
T00004531,location,missing,Daman,
T00000847,domain,missing,MEDICAL,
T00009429,domain,missing,RESTAURANT,
T00000275,transaction_count,missing,1651.0,
T00006710,transaction_count,missing,1494.0,
T00001108,location,missing,Buxar,
T00001051,value,missing,448874.0,
T00001524,transaction_count,missing,1459.0,
T00002775,transaction_count,missing,2081.0,
T00001554,domain,missing,INVESTMENTS,
T00005195,transaction_count,missing,1317.0,
T00003655,domain,missing,PUBLIC,
T00003017,domain,missing,INVESTMENTS,
T00006814,location,missing,Bikaner,
T00000616,value,missing,510048.0,
T00007383,domain,missing,EDUCATION,
T00008262,location,missing,Bombay,
T00002237,location,missing,Vellore,
T00001420,location,missing,Ambala,
T00009205,transaction_count,missing,1512.0,
T00006043,location,missing,Tirumala,
T00006384,domain,missing,INTERNATIONAL,
T00002495,domain,missing,RETAIL,
T00003646,domain,missing,EDUCATION,
T00008534,domain,missing,EDUCATION,
T00007452,value,missing,455363.0,
T00001625,location,missing,Bhuj,
T00000422,location,missing,Lucknow,
T00005506,transaction_count,missing,585.0,
T00007991,value,missing,407715.0,
T00007814,domain,missing,EDUCATION,
T00000195,location,missing,Ranchi,
T00007747,location,missing,Bhopal,
T00008178,transaction_count,missing,1985.0,
T00001307,domain,invalid,RETAIL,UNKNOWN_DOMAIN
T00002104,domain,invalid,EDUCATION,UNKNOWN_DOMAIN
T00007657,transaction_count,invalid,1300.0,-10
T00006386,value,invalid,1154776.0,-999
T00003461,domain,invalid,RESTAURANT,UNKNOWN_DOMAIN
T00002574,transaction_count,invalid,2327.0,-10
T00007018,domain,invalid,RETAIL,UNKNOWN_DOMAIN
T00007806,transaction_count,invalid,1013.0,-10
T00005541,transaction_count,invalid,1074.0,-10
T00009259,value,invalid,993925.0,-999
T00007008,value,invalid,356444.0,-999
T00005718,value,invalid,771753.0,-999
T00001243,value,invalid,505124.0,-999
T00007436,domain,invalid,PUBLIC,UNKNOWN_DOMAIN
T00005696,domain,invalid,PUBLIC,UNKNOWN_DOMAIN
T00008655,domain,invalid,MEDICAL,UNKNOWN_DOMAIN
T00007664,transaction_count,invalid,1921.0,-10
T00000706,domain,invalid,INVESTMENTS,UNKNOWN_DOMAIN
T00003866,value,invalid,451824.0,-999
T00004798,transaction_count,invalid,793.0,-10
T00006033,transaction_count,invalid,2006.0,-10
T00008042,domain,invalid,MEDICAL,UNKNOWN_DOMAIN
T00003323,domain,invalid,RESTAURANT,UNKNOWN_DOMAIN
T00002798,transaction_count,invalid,1076.0,-10
T00004114,domain,invalid,MEDICAL,UNKNOWN_DOMAIN
T00008527,domain,invalid,INVESTMENTS,UNKNOWN_DOMAIN
T00004290,transaction_count,invalid,2384.0,-10
T00007371,transaction_count,invalid,1304.0,-10
T00001298,transaction_count,invalid,1792.0,-10
T00008502,transaction_count,invalid,1095.0,-10
T00004263,domain,invalid,PUBLIC,UNKNOWN_DOMAIN
T00009893,domain,invalid,EDUCATION,UNKNOWN_DOMAIN
T00003943,domain,invalid,EDUCATION,UNKNOWN_DOMAIN
T00005802,domain,invalid,RETAIL,UNKNOWN_DOMAIN
T00009486,transaction_count,invalid,2027.0,-10
T00000227,domain,invalid,EDUCATION,UNKNOWN_DOMAIN
T00006402,value,invalid,704954.0,-999
T00000372,transaction_count,invalid,1592.0,-10
T00002472,transaction_count,invalid,1409.0,-10
T00009520,domain,invalid,INVESTMENTS,UNKNOWN_DOMAIN
T00002730,value,invalid,851167.0,-999
T00005485,value,invalid,913236.0,-999
T00001334,transaction_count,invalid,879.0,-10
T00004501,value,invalid,1043764.0,-999
T00000661,domain,invalid,RESTAURANT,UNKNOWN_DOMAIN
T00009377,transaction_count,invalid,1805.0,-10
T00003136,transaction_count,invalid,435.0,-10
T00003834,value,invalid,529131.0,-999
T00008412,domain,invalid,INVESTMENTS,UNKNOWN_DOMAIN
T00000989,value,invalid,740644.0,-999
T00009559,transaction_count,invalid,1873.0,-10
T00006762,transaction_count,invalid,500.0,-10
T00002956,value,invalid,449085.0,-999
T00007873,domain,invalid,PUBLIC,UNKNOWN_DOMAIN
T00000048,value,invalid,348144.0,-999
T00000798,transaction_count,invalid,2478.0,-10
T00009376,transaction_count,invalid,1012.0,-10
T00006551,domain,invalid,RESTAURANT,UNKNOWN_DOMAIN
T00001066,domain,invalid,EDUCATION,UNKNOWN_DOMAIN
T00002750,value,invalid,459706.0,-999
T00008089,domain,invalid,EDUCATION,UNKNOWN_DOMAIN
T00001191,transaction_count,invalid,1773.0,-10
T00002041,domain,invalid,PUBLIC,UNKNOWN_DOMAIN
T00002055,value,invalid,1067304.0,-999
T00005916,transaction_count,invalid,1958.0,-10
T00009854,transaction_count,invalid,2394.0,-10
T00002376,transaction_count,invalid,2346.0,-10
T00003963,domain,invalid,RETAIL,UNKNOWN_DOMAIN
T00000506,transaction_count,invalid,2058.0,-10
T00007639,value,invalid,915807.0,-999
T00004600,domain,invalid,INTERNATIONAL,UNKNOWN_DOMAIN
T00009606,value,invalid,993468.0,-999
T00004619,value,invalid,987067.0,-999
T00002870,value,invalid,1001779.0,-999
T00002496,domain,invalid,PUBLIC,UNKNOWN_DOMAIN
T00009277,value,invalid,714625.0,-999
T00009178,value,invalid,349349.0,-999
T00003998,domain,invalid,INVESTMENTS,UNKNOWN_DOMAIN
T00002208,transaction_count,invalid,1149.0,-10
T00000763,domain,invalid,RESTAURANT,UNKNOWN_DOMAIN
T00000302,transaction_count,invalid,407.0,-10
T00007285,domain,invalid,EDUCATION,UNKNOWN_DOMAIN
T00002722,transaction_count,invalid,418.0,-10
T00004822,value,invalid,918376.0,-999
T00006378,domain,invalid,MEDICAL,UNKNOWN_DOMAIN
T00002988,domain,invalid,PUBLIC,UNKNOWN_DOMAIN
T00005409,transaction_count,invalid,1755.0,-10
T00001327,transaction_count,invalid,1287.0,-10
T00003443,domain,invalid,INTERNATIONAL,UNKNOWN_DOMAIN
T00004123,value,invalid,570680.0,-999
T00008440,value,invalid,615878.0,-999
T00009946,domain,invalid,PUBLIC,UNKNOWN_DOMAIN
T00004120,value,invalid,1067600.0,-999
T00003560,transaction_count,invalid,1170.0,-10
T00008396,transaction_count,invalid,1390.0,-10
T00000108,transaction_count,invalid,1779.0,-10
T00006479,domain,invalid,RESTAURANT,UNKNOWN_DOMAIN
T00009818,domain,invalid,EDUCATION,UNKNOWN_DOMAIN
T00003947,value,invalid,1115717.0,-999
T00003512,domain,invalid,RETAIL,UNKNOWN_DOMAIN
T00009515,value,invalid,323271.0,-999
T00007654,domain,invalid,RETAIL,UNKNOWN_DOMAIN
T00004630,domain,invalid,INTERNATIONAL,UNKNOWN_DOMAIN
T00006616,domain,invalid,INTERNATIONAL,UNKNOWN_DOMAIN
T00008569,domain,invalid,MEDICAL,UNKNOWN_DOMAIN
T00007909,transaction_count,invalid,2131.0,-10
T00004402,domain,invalid,MEDICAL,UNKNOWN_DOMAIN
T00008598,transaction_count,invalid,744.0,-10
T00009547,domain,invalid,PUBLIC,UNKNOWN_DOMAIN
T00006357,domain,invalid,INTERNATIONAL,UNKNOWN_DOMAIN
T00001157,value,invalid,886131.0,-999
T00000967,transaction_count,invalid,985.0,-10
T00001448,domain,invalid,INTERNATIONAL,UNKNOWN_DOMAIN
T00002644,domain,invalid,EDUCATION,UNKNOWN_DOMAIN
T00008771,transaction_count,invalid,1810.0,-10
T00008030,value,invalid,547887.0,-999
T00003466,value,invalid,673931.0,-999
T00009851,transaction_count,invalid,2192.0,-10
T00002540,transaction_count,invalid,584.0,-10
T00008549,value,invalid,682461.0,-999
T00004886,value,invalid,459593.0,-999
T00000792,domain,invalid,PUBLIC,UNKNOWN_DOMAIN
T00002460,domain,invalid,INVESTMENTS,UNKNOWN_DOMAIN
T00000097,value,invalid,1201076.0,-999
T00008424,domain,invalid,RESTAURANT,UNKNOWN_DOMAIN
T00004742,transaction_count,invalid,2480.0,-10
T00004457,transaction_count,invalid,648.0,-10
T00009676,domain,invalid,RETAIL,UNKNOWN_DOMAIN
T00004117,value,invalid,325015.0,-999
T00007362,domain,invalid,RESTAURANT,UNKNOWN_DOMAIN
T00000601,value,invalid,436030.0,-999
T00000449,domain,invalid,PUBLIC,UNKNOWN_DOMAIN
T00002915,value,invalid,1126602.0,-999
T00000015,value,invalid,862490.0,-999
T00009924,value,invalid,1116575.0,-999
T00002669,value,invalid,881924.0,-999
T00002608,domain,invalid,RETAIL,UNKNOWN_DOMAIN
T00001747,transaction_count,invalid,1926.0,-10
T00004980,transaction_count,invalid,491.0,-10
T00006072,transaction_count,invalid,752.0,-10
T00004682,value,invalid,501164.0,-999
T00008481,transaction_count,invalid,1364.0,-10
T00007244,value,invalid,1138024.0,-999
T00005734,transaction_count,invalid,1511.0,-10
T00002473,domain,invalid,EDUCATION,UNKNOWN_DOMAIN
T00000856,domain,invalid,EDUCATION,UNKNOWN_DOMAIN
T00000362,value,invalid,656782.0,-999
T00008963,value,invalid,662774.0,-999
T00009000,transaction_count,invalid,2539.0,-10
T00007187,domain,invalid,RESTAURANT,UNKNOWN_DOMAIN
T00007178,transaction_count,invalid,1539.0,-10
T00009525,domain,invalid,RETAIL,UNKNOWN_DOMAIN
T00003359,value,invalid,1022017.0,-999
T00008171,transaction_count,invalid,922.0,-10
T00001318,value,invalid,1053397.0,-999
T00006276,transaction_count,invalid,631.0,-10
T00003589,transaction_count,invalid,664.0,-10
T00000895,transaction_count,invalid,477.0,-10
T00009865,value,invalid,554567.0,-999
T00005515,value,invalid,687242.0,-999
T00008871,domain,invalid,INTERNATIONAL,UNKNOWN_DOMAIN
T00009630,value,invalid,1138671.0,-999
T00000579,transaction_count,invalid,2374.0,-10
T00007377,value,invalid,1035800.0,-999
T00001471,value,invalid,895348.0,-999
T00001664,domain,invalid,RESTAURANT,UNKNOWN_DOMAIN
T00005033,value,invalid,922737.0,-999
T00003199,domain,invalid,RETAIL,UNKNOWN_DOMAIN
T00008966,transaction_count,invalid,2090.0,-10
T00007645,value,invalid,1145054.0,-999
T00006466,domain,invalid,EDUCATION,UNKNOWN_DOMAIN
T00004869,domain,invalid,EDUCATION,UNKNOWN_DOMAIN
T00002665,transaction_count,invalid,1925.0,-10
T00002297,transaction_count,invalid,1456.0,-10
T00004222,transaction_count,invalid,2524.0,-10
T00000128,domain,invalid,EDUCATION,UNKNOWN_DOMAIN
T00007721,domain,invalid,RESTAURANT,UNKNOWN_DOMAIN
T00009334,domain,invalid,MEDICAL,UNKNOWN_DOMAIN
T00008945,transaction_count,invalid,733.0,-10
T00008998,transaction_count,invalid,1738.0,-10
T00000041,transaction_count,invalid,2324.0,-10
T00008612,domain,invalid,RETAIL,UNKNOWN_DOMAIN
T00001273,domain,invalid,MEDICAL,UNKNOWN_DOMAIN
T00006811,transaction_count,invalid,1363.0,-10
T00007892,transaction_count,invalid,431.0,-10
T00006656,transaction_count,invalid,2293.0,-10
T00009098,domain,invalid,EDUCATION,UNKNOWN_DOMAIN
T00003661,domain,invalid,MEDICAL,UNKNOWN_DOMAIN
T00006961,domain,invalid,RETAIL,UNKNOWN_DOMAIN
T00009516,transaction_count,invalid,1884.0,-10
T00006971,transaction_count,invalid,1306.0,-10
T00001374,value,invalid,456594.0,-999
T00004882,domain,invalid,INVESTMENTS,UNKNOWN_DOMAIN
T00008910,transaction_count,invalid,645.0,-10
T00000968,domain,invalid,INTERNATIONAL,UNKNOWN_DOMAIN
T00004939,transaction_count,invalid,834.0,-10
T00005542,transaction_count,invalid,1867.0,-10
T00004692,transaction_count,invalid,2156.0,-10
T00004184,transaction_count,invalid,948.0,-10
T00001754,value,invalid,1140780.0,-999
T00009926,value,invalid,600505.0,-999
T00008384,domain,invalid,RESTAURANT,UNKNOWN_DOMAIN
T00000817,transaction_count,invalid,957.0,-10
T00006801,transaction_count,invalid,2379.0,-10
T00003355,domain,invalid,EDUCATION,UNKNOWN_DOMAIN
T00007258,transaction_count,invalid,2385.0,-10
T00002233,domain,invalid,RESTAURANT,UNKNOWN_DOMAIN
T00008787,value,invalid,919156.0,-999
T00000567,domain,invalid,EDUCATION,UNKNOWN_DOMAIN
T00000277,value,invalid,909874.0,-999
T00001109,value,invalid,549384.0,-999
T00005340,value,invalid,493320.0,-999
T00004411,transaction_count,invalid,502.0,-10
T00008204,transaction_count,invalid,1327.0,-10
T00004013,value,invalid,1174386.0,-999
T00009677,transaction_count,invalid,1253.0,-10
T00009711,value,invalid,500307.0,-999
T00005875,domain,invalid,INVESTMENTS,UNKNOWN_DOMAIN
T00007624,domain,invalid,EDUCATION,UNKNOWN_DOMAIN
T00008113,domain,invalid,PUBLIC,UNKNOWN_DOMAIN
T00004591,transaction_count,invalid,1367.0,-10
T00004541,value,invalid,818545.0,-999
T00008701,value,invalid,685647.0,-999
T00001635,value,invalid,649892.0,-999
T00009342,transaction_count,invalid,1478.0,-10
T00004621,value,invalid,681295.0,-999
T00008927,domain,invalid,EDUCATION,UNKNOWN_DOMAIN
T00003663,domain,invalid,EDUCATION,UNKNOWN_DOMAIN
T00004358,value,invalid,731374.0,-999
T00005161,value,invalid,757803.0,-999
T00005895,transaction_count,invalid,2022.0,-10
T00001134,value,invalid,1080828.0,-999
T00001176,transaction_count,invalid,1798.0,-10
T00002444,value,invalid,431169.0,-999
T00002121,value,invalid,780884.0,-999
T00004065,value,invalid,1084752.0,-999
T00004544,value,invalid,933335.0,-999
T00006279,transaction_count,invalid,2160.0,-10
T00005500,domain,invalid,RESTAURANT,UNKNOWN_DOMAIN
T00008971,value,invalid,534403.0,-999
T00001750,domain,invalid,MEDICAL,UNKNOWN_DOMAIN
T00001266,transaction_count,invalid,669.0,-10
T00000988,transaction_count,invalid,1747.0,-10
T00009570,value,invalid,498634.0,-999
T00002144,transaction_count,invalid,2158.0,-10
T00005707,value,invalid,591131.0,-999
T00008482,domain,invalid,EDUCATION,UNKNOWN_DOMAIN
T00009556,value,invalid,652123.0,-999
T00005587,transaction_count,invalid,1376.0,-10
T00004931,domain,invalid,INTERNATIONAL,UNKNOWN_DOMAIN
T00005773,domain,invalid,RETAIL,UNKNOWN_DOMAIN
T00004859,domain,invalid,INTERNATIONAL,UNKNOWN_DOMAIN
T00004196,transaction_count,invalid,1391.0,-10
T00004128,value,invalid,843763.0,-999
T00005600,transaction_count,invalid,1134.0,-10
T00000755,transaction_count,invalid,2493.0,-10
T00003113,value,invalid,408329.0,-999
T00006911,transaction_count,invalid,2392.0,-10
T00004613,domain,invalid,PUBLIC,UNKNOWN_DOMAIN
T00007620,domain,invalid,RETAIL,UNKNOWN_DOMAIN
T00004365,value,invalid,839328.0,-999
T00007184,value,invalid,1011152.0,-999
T00005670,domain,invalid,PUBLIC,UNKNOWN_DOMAIN
T00000748,domain,invalid,RESTAURANT,UNKNOWN_DOMAIN
T00002828,domain,invalid,INVESTMENTS,UNKNOWN_DOMAIN
T00009469,transaction_count,invalid,1808.0,-10
T00007426,transaction_count,invalid,2124.0,-10
T00008514,transaction_count,invalid,679.0,-10
T00000805,value,invalid,697683.0,-999
T00000929,value,invalid,377810.0,-999
T00009242,transaction_count,invalid,2251.0,-10
T00000650,value,invalid,1062484.0,-999
T00001668,domain,invalid,PUBLIC,UNKNOWN_DOMAIN
T00007535,value,invalid,1081838.0,-999
T00003928,transaction_count,invalid,1207.0,-10
T00001254,value,invalid,737479.0,-999
T00003357,transaction_count,invalid,1516.0,-10
T00001457,transaction_count,invalid,835.0,-10
T00003185,domain,invalid,MEDICAL,UNKNOWN_DOMAIN
T00001690,transaction_count,invalid,1489.0,-10
T00001597,value,invalid,383267.0,-999
T00005249,value,invalid,1202129.0,-999
T00003863,domain,invalid,INVESTMENTS,UNKNOWN_DOMAIN
T00005050,value,invalid,427667.0,-999
T00005422,domain,invalid,PUBLIC,UNKNOWN_DOMAIN
T00006857,domain,invalid,RETAIL,UNKNOWN_DOMAIN
T00000783,transaction_count,invalid,926.0,-10
T00000286,domain,invalid,INTERNATIONAL,UNKNOWN_DOMAIN
T00007674,value,invalid,631162.0,-999
T00009023,domain,invalid,MEDICAL,UNKNOWN_DOMAIN
T00009067,domain,invalid,INVESTMENTS,UNKNOWN_DOMAIN
T00008861,value,invalid,1025649.0,-999
T00004571,transaction_count,invalid,1840.0,-10
T00002469,transaction_count,invalid,1242.0,-10
T00000510,value,invalid,706598.0,-999
T00005768,value,invalid,593350.0,-999
T00006297,transaction_count,invalid,826.0,-10
T00005819,domain,invalid,PUBLIC,UNKNOWN_DOMAIN
T00001939,transaction_count,invalid,695.0,-10
T00005390,domain,invalid,PUBLIC,UNKNOWN_DOMAIN
T00008034,domain,invalid,MEDICAL,UNKNOWN_DOMAIN
T00006595,value,invalid,324844.0,-999
T00005917,domain,invalid,RESTAURANT,UNKNOWN_DOMAIN
T00009014,transaction_count,invalid,1339.0,-10
T00003674,transaction_count,invalid,1824.0,-10
T00006563,value,invalid,738185.0,-999
T00002247,transaction_count,invalid,692.0,-10
T00000067,transaction_count,invalid,653.0,-10
T00000970,transaction_count,invalid,1245.0,-10
T00006343,transaction_count,invalid,2088.0,-10
T00003183,value,invalid,720832.0,-999
T00004670,domain,invalid,INTERNATIONAL,UNKNOWN_DOMAIN
T00005188,transaction_count,invalid,2354.0,-10
T00007549,value,invalid,847399.0,-999
T00005150,transaction_count,invalid,1627.0,-10
T00005887,transaction_count,invalid,1527.0,-10
T00009539,domain,invalid,MEDICAL,UNKNOWN_DOMAIN
T00008036,value,invalid,1097721.0,-999
T00005681,domain,invalid,INTERNATIONAL,UNKNOWN_DOMAIN
T00004300,domain,invalid,RESTAURANT,UNKNOWN_DOMAIN
T00001922,transaction_count,invalid,1494.0,-10
T00000966,transaction_count,invalid,2153.0,-10
T00009455,transaction_count,invalid,726.0,-10
T00006500,transaction_count,invalid,1772.0,-10
T00005211,value,invalid,833654.0,-999
T00006453,value,invalid,425352.0,-999
T00003545,transaction_count,invalid,1998.0,-10
T00009224,value,invalid,863469.0,-999
T00007706,value,invalid,575124.0,-999
T00005685,domain,invalid,RETAIL,UNKNOWN_DOMAIN
T00003735,transaction_count,invalid,1372.0,-10
T00005327,transaction_count,invalid,1122.0,-10
T00002378,transaction_count,invalid,1725.0,-10
T00005959,value,invalid,1120927.0,-999
T00001043,domain,invalid,MEDICAL,UNKNOWN_DOMAIN
T00009968,domain,invalid,PUBLIC,UNKNOWN_DOMAIN
T00000559,value,invalid,618969.0,-999
T00007210,transaction_count,invalid,2204.0,-10
T00008347,transaction_count,invalid,487.0,-10
T00001065,transaction_count,invalid,1607.0,-10
T00001594,value,invalid,1164686.0,-999
T00004156,transaction_count,invalid,1237.0,-10
T00006120,transaction_count,invalid,1070.0,-10
T00006965,domain,invalid,EDUCATION,UNKNOWN_DOMAIN
T00005277,transaction_count,invalid,1008.0,-10
T00003994,domain,invalid,MEDICAL,UNKNOWN_DOMAIN
T00002549,value,invalid,337108.0,-999
T00009030,transaction_count,invalid,1080.0,-10
T00004674,value,invalid,740373.0,-999
T00006617,transaction_count,invalid,721.0,-10
T00007378,domain,invalid,RESTAURANT,UNKNOWN_DOMAIN
T00006004,value,invalid,1021153.0,-999
T00009541,transaction_count,invalid,657.0,-10
T00001974,value,invalid,801940.0,-999
T00009162,transaction_count,invalid,1453.0,-10
T00006992,value,invalid,1114775.0,-999
T00004517,transaction_count,invalid,1651.0,-10
T00002441,value,invalid,605898.0,-999
T00001027,transaction_count,invalid,2039.0,-10
T00004536,domain,invalid,RETAIL,UNKNOWN_DOMAIN
T00005911,domain,invalid,RESTAURANT,UNKNOWN_DOMAIN
T00008253,domain,invalid,RESTAURANT,UNKNOWN_DOMAIN
T00005347,transaction_count,invalid,856.0,-10
T00005479,domain,invalid,INVESTMENTS,UNKNOWN_DOMAIN
T00006973,domain,invalid,MEDICAL,UNKNOWN_DOMAIN
T00000442,transaction_count,invalid,539.0,-10
T00000120,value,invalid,929802.0,-999
T00004649,domain,invalid,INVESTMENTS,UNKNOWN_DOMAIN
T00001744,domain,invalid,RESTAURANT,UNKNOWN_DOMAIN
T00003789,domain,invalid,MEDICAL,UNKNOWN_DOMAIN
T00000619,transaction_count,invalid,2284.0,-10
T00000682,value,invalid,906120.0,-999
T00002401,transaction_count,invalid,2184.0,-10
T00003179,domain,invalid,RESTAURANT,UNKNOWN_DOMAIN
T00002751,value,invalid,722785.0,-999
T00002108,domain,invalid,RETAIL,UNKNOWN_DOMAIN
T00002783,value,invalid,368012.0,-999
T00002661,value,invalid,726673.0,-999
T00005509,transaction_count,invalid,2235.0,-10
T00001891,value,invalid,492860.0,-999
T00008981,transaction_count,invalid,989.0,-10
T00007384,value,invalid,848993.0,-999
T00004455,domain,invalid,INVESTMENTS,UNKNOWN_DOMAIN
T00002348,transaction_count,invalid,2365.0,-10
T00009652,value,invalid,1121900.0,-999
T00009803,domain,invalid,INVESTMENTS,UNKNOWN_DOMAIN
T00003738,transaction_count,invalid,2496.0,-10
T00009529,transaction_count,invalid,2482.0,-10
T00008868,domain,invalid,MEDICAL,UNKNOWN_DOMAIN
T00001896,transaction_count,invalid,932.0,-10
T00008949,transaction_count,invalid,903.0,-10
T00004937,transaction_count,invalid,1749.0,-10
T00001120,domain,invalid,MEDICAL,UNKNOWN_DOMAIN
T00004098,value,invalid,792618.0,-999
T00006162,value,invalid,1133409.0,-999
T00004203,value,invalid,1069531.0,-999
T00003519,value,invalid,802209.0,-999
T00004925,value,invalid,784941.0,-999
T00008222,value,invalid,628065.0,-999
T00009621,transaction_count,invalid,1968.0,-10
T00008266,value,invalid,653904.0,-999
T00005228,domain,invalid,MEDICAL,UNKNOWN_DOMAIN
T00001360,domain,invalid,INVESTMENTS,UNKNOWN_DOMAIN
T00000826,transaction_count,invalid,577.0,-10
T00002779,transaction_count,invalid,1005.0,-10
T00006463,value,invalid,416429.0,-999
T00007395,domain,invalid,MEDICAL,UNKNOWN_DOMAIN
T00009999,transaction_count,invalid,2160.0,-10
T00006925,domain,invalid,RESTAURANT,UNKNOWN_DOMAIN
T00003810,value,invalid,419162.0,-999
T00002431,domain,invalid,RETAIL,UNKNOWN_DOMAIN
T00009439,domain,invalid,MEDICAL,UNKNOWN_DOMAIN
T00000375,transaction_count,invalid,1180.0,-10
T00005755,value,invalid,727026.0,-999
T00005676,domain,invalid,RETAIL,UNKNOWN_DOMAIN
T00007417,value,invalid,390150.0,-999
T00000824,domain,invalid,INTERNATIONAL,UNKNOWN_DOMAIN
T00009198,value,invalid,1120318.0,-999
T00001116,value,invalid,871167.0,-999
T00009670,value,invalid,1176403.0,-999
T00009317,transaction_count,invalid,1528.0,-10
T00000530,domain,invalid,INVESTMENTS,UNKNOWN_DOMAIN
T00005315,domain,invalid,INTERNATIONAL,UNKNOWN_DOMAIN
T00009219,value,invalid,575445.0,-999
T00003554,transaction_count,invalid,2173.0,-10
T00007240,value,invalid,921365.0,-999
T00008326,domain,invalid,INVESTMENTS,UNKNOWN_DOMAIN
T00008709,transaction_count,invalid,1478.0,-10
T00008018,value,invalid,524376.0,-999
T00000733,domain,invalid,MEDICAL,UNKNOWN_DOMAIN
T00001199,value,invalid,766543.0,-999
T00006325,domain,invalid,RESTAURANT,UNKNOWN_DOMAIN
T00000862,transaction_count,invalid,2523.0,-10
T00009622,domain,invalid,INVESTMENTS,UNKNOWN_DOMAIN
T00006615,value,invalid,999944.0,-999
T00001961,value,invalid,311607.0,-999
T00003109,domain,invalid,RESTAURANT,UNKNOWN_DOMAIN
T00008418,value,invalid,1197030.0,-999
T00004494,domain,invalid,INVESTMENTS,UNKNOWN_DOMAIN
T00004880,value,invalid,557753.0,-999
T00007091,transaction_count,invalid,1653.0,-10
T00002305,transaction_count,invalid,1830.0,-10
T00003412,domain,invalid,RESTAURANT,UNKNOWN_DOMAIN
T00000651,domain,invalid,MEDICAL,UNKNOWN_DOMAIN
T00000378,value,invalid,1195256.0,-999
T00001820,transaction_count,invalid,1393.0,-10
T00009134,transaction_count,invalid,1882.0,-10
T00000735,domain,invalid,RETAIL,UNKNOWN_DOMAIN
T00000376,domain,invalid,INTERNATIONAL,UNKNOWN_DOMAIN
T00004009,domain,invalid,RESTAURANT,UNKNOWN_DOMAIN
T00003161,domain,invalid,MEDICAL,UNKNOWN_DOMAIN
T00008642,value,invalid,350737.0,-999
T00007810,transaction_count,invalid,1654.0,-10
T00000728,domain,invalid,RESTAURANT,UNKNOWN_DOMAIN
T00005139,transaction_count,invalid,2328.0,-10
T00003303,value,invalid,1141497.0,-999
T00001095,value,invalid,751510.0,-999
T00000800,transaction_count,invalid,2292.0,-10
T00006231,domain,invalid,INTERNATIONAL,UNKNOWN_DOMAIN
T00006247,transaction_count,invalid,2525.0,-10
T00003984,domain,invalid,INVESTMENTS,UNKNOWN_DOMAIN
T00004271,value,invalid,484280.0,-999
T00006395,transaction_count,invalid,2043.0,-10
T00000160,value,invalid,435297.0,-999
T00004254,domain,invalid,RETAIL,UNKNOWN_DOMAIN
T00004672,value,invalid,1062496.0,-999
T00008357,value,invalid,472209.0,-999
T00005078,domain,invalid,PUBLIC,UNKNOWN_DOMAIN
T00005157,transaction_count,invalid,1986.0,-10
T00007116,domain,invalid,PUBLIC,UNKNOWN_DOMAIN
T00000836,value,invalid,645278.0,-999
T00006982,value,invalid,629407.0,-999
T00008220,domain,invalid,INTERNATIONAL,UNKNOWN_DOMAIN
T00000771,transaction_count,invalid,871.0,-10
T00008827,value,invalid,399239.0,-999
T00006312,domain,invalid,PUBLIC,UNKNOWN_DOMAIN
T00004232,value,invalid,1100379.0,-999
T00006346,value,invalid,563762.0,-999
T00000256,value,invalid,1102829.0,-999
T00006697,transaction_count,invalid,2209.0,-10
T00004597,value,invalid,698133.0,-999
T00002187,transaction_count,invalid,1152.0,-10
T00005935,value,invalid,600168.0,-999
T00008158,value,invalid,1074945.0,-999
T00005115,domain,invalid,PUBLIC,UNKNOWN_DOMAIN
T00005598,value,invalid,445485.0,-999
T00005631,domain,invalid,EDUCATION,UNKNOWN_DOMAIN
T00002326,transaction_count,invalid,1657.0,-10
T00001226,transaction_count,invalid,609.0,-10
T00006215,transaction_count,invalid,514.0,-10
T00004628,transaction_count,invalid,1312.0,-10
T00001979,domain,invalid,PUBLIC,UNKNOWN_DOMAIN
T00006014,domain,invalid,RESTAURANT,UNKNOWN_DOMAIN
T00002170,transaction_count,invalid,1524.0,-10
T00001480,value,invalid,855233.0,-999
T00001389,domain,invalid,EDUCATION,UNKNOWN_DOMAIN
T00002223,domain,invalid,RESTAURANT,UNKNOWN_DOMAIN
T00008407,transaction_count,invalid,864.0,-10
T00004219,value,invalid,833243.0,-999
T00002033,domain,invalid,INVESTMENTS,UNKNOWN_DOMAIN
T00004452,transaction_count,invalid,779.0,-10
T00001555,domain,invalid,PUBLIC,UNKNOWN_DOMAIN
T00007593,value,invalid,430850.0,-999
T00006695,domain,invalid,EDUCATION,UNKNOWN_DOMAIN
T00000340,value,invalid,1189800.0,-999
T00002222,value,invalid,1020479.0,-999
T00003513,transaction_count,invalid,1417.0,-10
T00007079,value,invalid,728494.0,-999
T00004261,domain,invalid,INVESTMENTS,UNKNOWN_DOMAIN
T00008064,domain,invalid,EDUCATION,UNKNOWN_DOMAIN
T00001319,domain,invalid,INVESTMENTS,UNKNOWN_DOMAIN
T00003150,value,invalid,446231.0,-999
T00004787,domain,invalid,INVESTMENTS,UNKNOWN_DOMAIN
T00006863,value,invalid,1151466.0,-999
T00006974,transaction_count,invalid,703.0,-10
T00001062,transaction_count,invalid,823.0,-10
T00004034,value,invalid,350194.0,-999
T00006333,transaction_count,invalid,726.0,-10
T00003559,transaction_count,invalid,503.0,-10
T00003027,value,invalid,670045.0,-999
T00005925,transaction_count,invalid,2259.0,-10
T00005295,domain,invalid,EDUCATION,UNKNOWN_DOMAIN
T00003985,transaction_count,invalid,1323.0,-10
T00002516,domain,invalid,RESTAURANT,UNKNOWN_DOMAIN
T00007973,transaction_count,invalid,474.0,-10
T00002809,transaction_count,invalid,536.0,-10
T00007556,value,invalid,1166918.0,-999
T00007786,domain,invalid,EDUCATION,UNKNOWN_DOMAIN
T00000628,value,invalid,1000825.0,-999
T00003841,value,invalid,907014.0,-999
T00006868,transaction_count,invalid,1191.0,-10
T00000014,transaction_count,invalid,773.0,-10
T00002727,value,invalid,877072.0,-999
T00000482,transaction_count,invalid,2484.0,-10
T00008674,value,invalid,538155.0,-999
T00000388,value,invalid,459527.0,-999
T00006048,transaction_count,invalid,868.0,-10
T00001371,transaction_count,invalid,493.0,-10
T00007077,value,invalid,1151992.0,-999
T00002839,value,invalid,980275.0,-999
T00001009,transaction_count,invalid,725.0,-10
T00001955,transaction_count,invalid,677.0,-10
T00003696,value,invalid,460361.0,-999
T00002421,domain,invalid,PUBLIC,UNKNOWN_DOMAIN
T00006873,domain,invalid,INTERNATIONAL,UNKNOWN_DOMAIN
T00003253,domain,invalid,PUBLIC,UNKNOWN_DOMAIN
T00000231,value,invalid,541663.0,-999
T00002251,value,invalid,917574.0,-999
T00009108,transaction_count,invalid,425.0,-10
T00001045,domain,invalid,INVESTMENTS,UNKNOWN_DOMAIN
T00002690,transaction_count,invalid,785.0,-10
T00007511,value,invalid,1104723.0,-999
T00002199,domain,invalid,RESTAURANT,UNKNOWN_DOMAIN
T00000031,value,invalid,827682.0,-999
T00006651,domain,invalid,EDUCATION,UNKNOWN_DOMAIN
T00002789,transaction_count,invalid,1305.0,-10
T00008198,transaction_count,invalid,1366.0,-10
T00003146,transaction_count,invalid,1099.0,-10
T00007966,value,invalid,532810.0,-999
T00007269,value,invalid,1065933.0,-999
T00003256,domain,invalid,PUBLIC,UNKNOWN_DOMAIN
T00006265,transaction_count,invalid,1491.0,-10
T00007950,domain,invalid,RESTAURANT,UNKNOWN_DOMAIN
T00005581,domain,invalid,INTERNATIONAL,UNKNOWN_DOMAIN
T00000016,domain,invalid,INVESTMENTS,UNKNOWN_DOMAIN
T00008947,value,invalid,504860.0,-999
T00004694,domain,invalid,RESTAURANT,UNKNOWN_DOMAIN
T00001530,domain,invalid,RETAIL,UNKNOWN_DOMAIN
T00001553,value,invalid,1153405.0,-999
T00004841,transaction_count,invalid,1675.0,-10
T00008451,value,invalid,496024.0,-999
T00004928,transaction_count,invalid,2340.0,-10
T00004476,transaction_count,invalid,1310.0,-10
T00001329,transaction_count,invalid,1733.0,-10
T00000563,value,invalid,474545.0,-999
T00000607,transaction_count,invalid,2218.0,-10
T00007516,transaction_count,invalid,1832.0,-10
T00001821,transaction_count,invalid,1447.0,-10
T00001749,value,invalid,805627.0,-999
T00006032,domain,invalid,INTERNATIONAL,UNKNOWN_DOMAIN
T00001167,value,invalid,876748.0,-999
T00006746,transaction_count,invalid,649.0,-10
T00009725,transaction_count,invalid,848.0,-10
T00008337,value,invalid,583695.0,-999
T00008519,domain,invalid,PUBLIC,UNKNOWN_DOMAIN
T00008140,value,invalid,1006804.0,-999
T00002589,transaction_count,invalid,985.0,-10
T00009645,value,invalid,584539.0,-999
T00006016,value,invalid,543228.0,-999
T00002212,value,invalid,731511.0,-999
T00005749,domain,invalid,PUBLIC,UNKNOWN_DOMAIN
T00005428,domain,invalid,INTERNATIONAL,UNKNOWN_DOMAIN
T00004057,transaction_count,invalid,555.0,-10
T00001105,domain,invalid,INTERNATIONAL,UNKNOWN_DOMAIN
T00008621,transaction_count,invalid,877.0,-10
T00002543,domain,invalid,INTERNATIONAL,UNKNOWN_DOMAIN
T00001021,value,invalid,859651.0,-999
T00004479,value,invalid,466989.0,-999
T00001953,transaction_count,invalid,857.0,-10
T00000188,transaction_count,invalid,1555.0,-10
T00009181,value,invalid,1028113.0,-999
T00000304,value,invalid,661054.0,-999
T00009220,transaction_count,invalid,1734.0,-10
T00005919,value,invalid,380610.0,-999
T00007851,domain,invalid,EDUCATION,UNKNOWN_DOMAIN
T00001567,value,invalid,829312.0,-999
T00005904,domain,invalid,PUBLIC,UNKNOWN_DOMAIN
T00004785,value,invalid,1067384.0,-999
T00006607,value,invalid,654420.0,-999
T00007035,domain,invalid,PUBLIC,UNKNOWN_DOMAIN
T00006951,domain,invalid,RETAIL,UNKNOWN_DOMAIN
T00002548,transaction_count,invalid,1337.0,-10
T00004538,value,invalid,1103354.0,-999
T00006393,domain,invalid,INVESTMENTS,UNKNOWN_DOMAIN
T00002365,transaction_count,invalid,1274.0,-10
T00006527,transaction_count,invalid,2546.0,-10
T00006433,transaction_count,invalid,678.0,-10
T00005131,transaction_count,invalid,744.0,-10
T00005646,transaction_count,invalid,2461.0,-10
T00001145,value,invalid,352353.0,-999
T00005741,domain,invalid,PUBLIC,UNKNOWN_DOMAIN
T00003617,transaction_count,invalid,1456.0,-10
T00005662,domain,invalid,RETAIL,UNKNOWN_DOMAIN
T00000954,domain,invalid,EDUCATION,UNKNOWN_DOMAIN
T00004240,transaction_count,invalid,1786.0,-10
T00003081,transaction_count,invalid,1270.0,-10
T00009980,value,invalid,834050.0,-999
T00008368,transaction_count,invalid,1731.0,-10
T00004146,transaction_count,invalid,2491.0,-10
T00007284,transaction_count,invalid,1864.0,-10
T00002176,domain,invalid,MEDICAL,UNKNOWN_DOMAIN
T00006601,value,invalid,1152481.0,-999
T00008417,domain,invalid,RETAIL,UNKNOWN_DOMAIN
T00003803,transaction_count,invalid,1243.0,-10
T00001363,domain,invalid,RETAIL,UNKNOWN_DOMAIN
T00000991,transaction_count,invalid,457.0,-10
T00004981,domain,invalid,RETAIL,UNKNOWN_DOMAIN
T00002125,value,invalid,477245.0,-999
T00005100,domain,invalid,EDUCATION,UNKNOWN_DOMAIN
T00004316,transaction_count,invalid,1490.0,-10
T00003819,value,invalid,671867.0,-999
T00009511,transaction_count,invalid,518.0,-10
T00005472,domain,invalid,INVESTMENTS,UNKNOWN_DOMAIN
T00009109,value,invalid,653877.0,-999
T00001751,transaction_count,invalid,461.0,-10
T00009750,transaction_count,invalid,2396.0,-10
T00009966,domain,invalid,RESTAURANT,UNKNOWN_DOMAIN
T00001316,value,invalid,1076749.0,-999
T00006021,value,invalid,511012.0,-999
T00003025,value,invalid,805237.0,-999
T00004198,value,invalid,851052.0,-999
T00007462,domain,invalid,RETAIL,UNKNOWN_DOMAIN
T00005986,transaction_count,invalid,973.0,-10
T00002462,domain,invalid,RETAIL,UNKNOWN_DOMAIN
T00005371,domain,invalid,RETAIL,UNKNOWN_DOMAIN
T00004570,transaction_count,invalid,665.0,-10
T00009819,transaction_count,invalid,1369.0,-10
T00006029,value,invalid,798391.0,-999
T00005882,transaction_count,invalid,2365.0,-10
T00006442,value,invalid,995272.0,-999
T00003714,value,invalid,719034.0,-999
T00004440,domain,invalid,RETAIL,UNKNOWN_DOMAIN
T00004304,domain,invalid,MEDICAL,UNKNOWN_DOMAIN
T00009282,value,invalid,974916.0,-999
T00006522,value,invalid,911708.0,-999
T00007925,transaction_count,invalid,1653.0,-10
T00000896,value,invalid,841991.0,-999
T00004512,transaction_count,anomaly,1417.0,1417000.0
T00000877,transaction_count,anomaly,1226.0,1226000.0
T00001753,value,anomaly,666707.0,6667070.0
T00003003,transaction_count,anomaly,2014.0,2014000.0
T00009952,transaction_count,anomaly,576.0,576000.0
T00000916,value,anomaly,763547.0,7635470.0
T00002236,value,anomaly,538990.0,5389900.0
T00000377,value,anomaly,346044.0,3460440.0
T00007472,transaction_count,anomaly,1884.0,1884000.0
T00005255,transaction_count,anomaly,1868.0,1868000.0
T00001541,value,anomaly,458008.0,4580080.0
T00009876,value,anomaly,361438.0,3614380.0
T00008185,value,anomaly,605786.0,6057860.0
T00005256,value,anomaly,305279.0,3052790.0
T00008425,value,anomaly,604091.0,6040910.0
T00005205,value,anomaly,708050.0,7080500.0
T00002650,transaction_count,anomaly,675.0,675000.0
T00000342,value,anomaly,679400.0,6794000.0
T00006826,transaction_count,anomaly,946.0,946000.0
T00001227,value,anomaly,480048.0,4800480.0
T00005584,value,anomaly,593871.0,5938710.0
T00008613,transaction_count,anomaly,514.0,514000.0
T00003745,transaction_count,anomaly,1106.0,1106000.0
T00003991,transaction_count,anomaly,2210.0,2210000.0
T00002059,transaction_count,anomaly,460.0,460000.0
T00001916,value,anomaly,499404.0,4994040.0
T00009159,value,anomaly,621758.0,6217580.0
T00002181,transaction_count,anomaly,1596.0,1596000.0
T00002834,transaction_count,anomaly,704.0,704000.0
T00005362,transaction_count,anomaly,694.0,694000.0
T00006898,transaction_count,anomaly,1811.0,1811000.0
T00003723,value,anomaly,404998.0,4049980.0
T00003300,value,anomaly,1034130.0,10341300.0
T00008825,value,anomaly,1101717.0,11017170.0
T00006250,transaction_count,anomaly,2398.0,2398000.0
T00009281,transaction_count,anomaly,2416.0,2416000.0
T00002930,value,anomaly,963583.0,9635830.0
T00008845,transaction_count,anomaly,2478.0,2478000.0
T00000688,transaction_count,anomaly,1727.0,1727000.0
T00009323,value,anomaly,568768.0,5687680.0
T00004089,value,anomaly,798722.0,7987220.0
T00003454,transaction_count,anomaly,1529.0,1529000.0
T00008638,transaction_count,anomaly,1222.0,1222000.0
T00000499,value,anomaly,827707.0,8277070.0
T00005751,value,anomaly,1081497.0,10814970.0
T00008411,value,anomaly,524367.0,5243670.0
T00009305,transaction_count,anomaly,1387.0,1387000.0
T00000011,value,anomaly,719562.0,7195620.0
T00005901,transaction_count,anomaly,1806.0,1806000.0
T00003940,value,anomaly,665870.0,6658700.0
T00004831,value,anomaly,628845.0,6288450.0
T00008085,value,anomaly,549406.0,5494060.0
T00007623,transaction_count,anomaly,1293.0,1293000.0
T00005133,value,anomaly,1188939.0,11889390.0
T00000946,transaction_count,anomaly,1378.0,1378000.0
T00005565,value,anomaly,713221.0,7132210.0
T00001086,transaction_count,anomaly,2449.0,2449000.0
T00005192,value,anomaly,790836.0,7908360.0
T00000760,value,anomaly,1049002.0,10490020.0
T00005547,transaction_count,anomaly,2248.0,2248000.0
T00008677,transaction_count,anomaly,942.0,942000.0
T00003845,transaction_count,anomaly,1493.0,1493000.0
T00000284,value,anomaly,332779.0,3327790.0
T00004075,transaction_count,anomaly,992.0,992000.0
T00009534,value,anomaly,702097.0,7020970.0
T00002622,transaction_count,anomaly,1614.0,1614000.0
T00000456,transaction_count,anomaly,2126.0,2126000.0
T00005263,transaction_count,anomaly,2003.0,2003000.0
T00003662,transaction_count,anomaly,2249.0,2249000.0
T00004567,transaction_count,anomaly,1978.0,1978000.0
T00006245,transaction_count,anomaly,423.0,423000.0
T00006030,value,anomaly,562329.0,5623290.0
T00004548,value,anomaly,390809.0,3908090.0
T00001379,transaction_count,anomaly,1375.0,1375000.0
T00002429,transaction_count,anomaly,2502.0,2502000.0
T00005628,transaction_count,anomaly,521.0,521000.0
T00004505,transaction_count,anomaly,2336.0,2336000.0
T00005945,value,anomaly,601800.0,6018000.0
T00000210,value,anomaly,630508.0,6305080.0
T00001638,transaction_count,anomaly,790.0,790000.0
T00004200,transaction_count,anomaly,1566.0,1566000.0
T00005323,value,anomaly,384417.0,3844170.0
T00005577,value,anomaly,1126006.0,11260060.0
T00002349,value,anomaly,1116970.0,11169700.0
T00003949,value,anomaly,669633.0,6696330.0
T00007100,transaction_count,anomaly,1605.0,1605000.0
T00000974,transaction_count,anomaly,401.0,401000.0
T00006942,transaction_count,anomaly,915.0,915000.0
T00007919,transaction_count,anomaly,2100.0,2100000.0
T00001029,value,anomaly,326396.0,3263960.0
T00007902,value,anomaly,680436.0,6804360.0
T00009817,value,anomaly,983814.0,9838140.0
T00006784,value,anomaly,998568.0,9985680.0
T00009043,transaction_count,anomaly,2351.0,2351000.0
T00003965,value,anomaly,886198.0,8861980.0
T00008153,value,anomaly,586824.0,5868240.0
T00006336,transaction_count,anomaly,2194.0,2194000.0
T00008542,transaction_count,anomaly,1870.0,1870000.0
T00001542,value,anomaly,382554.0,3825540.0
T00009148,value,anomaly,313908.0,3139080.0
T00001204,transaction_count,anomaly,2164.0,2164000.0
T00002826,transaction_count,anomaly,1917.0,1917000.0
T00000851,transaction_count,anomaly,1609.0,1609000.0
T00008703,value,anomaly,1162968.0,11629680.0
T00006497,value,anomaly,911085.0,9110850.0
T00003070,value,anomaly,1009334.0,10093340.0
T00009452,transaction_count,anomaly,1681.0,1681000.0
T00009671,transaction_count,anomaly,1260.0,1260000.0
T00009045,transaction_count,anomaly,1400.0,1400000.0
T00009153,transaction_count,anomaly,1020.0,1020000.0
T00004438,transaction_count,anomaly,997.0,997000.0
T00004486,value,anomaly,725738.0,7257380.0
T00000685,value,anomaly,654003.0,6540030.0
T00002027,transaction_count,anomaly,1468.0,1468000.0
T00008180,value,anomaly,733486.0,7334860.0
T00002488,value,anomaly,744023.0,7440230.0
T00003652,value,anomaly,951692.0,9516920.0
T00008335,value,anomaly,988465.0,9884650.0
T00008849,transaction_count,anomaly,1438.0,1438000.0
T00009155,transaction_count,anomaly,2103.0,2103000.0
T00007665,transaction_count,anomaly,2142.0,2142000.0
T00003591,value,anomaly,354252.0,3542520.0
T00001017,value,anomaly,727863.0,7278630.0
T00003702,value,anomaly,365627.0,3656270.0
T00005978,value,anomaly,613566.0,6135660.0
T00004895,transaction_count,anomaly,2188.0,2188000.0
T00008122,transaction_count,anomaly,1966.0,1966000.0
T00001247,transaction_count,anomaly,1884.0,1884000.0
T00001055,value,anomaly,632409.0,6324090.0
T00009258,transaction_count,anomaly,1842.0,1842000.0
T00005303,value,anomaly,1028876.0,10288760.0
T00000078,value,anomaly,640923.0,6409230.0
T00000343,transaction_count,anomaly,804.0,804000.0
T00001257,value,anomaly,312780.0,3127800.0
T00009184,value,anomaly,982383.0,9823830.0
T00007997,transaction_count,anomaly,512.0,512000.0
T00007256,value,anomaly,418423.0,4184230.0
T00006217,transaction_count,anomaly,2097.0,2097000.0
T00001034,value,anomaly,778801.0,7788010.0
T00008661,transaction_count,anomaly,1985.0,1985000.0
T00000099,value,anomaly,675531.0,6755310.0
T00001381,value,anomaly,510871.0,5108710.0
T00002061,transaction_count,anomaly,1669.0,1669000.0
T00005535,value,anomaly,1132084.0,11320840.0
T00002628,transaction_count,anomaly,2074.0,2074000.0
T00004611,value,anomaly,1185202.0,11852020.0
T00004648,transaction_count,anomaly,709.0,709000.0
T00006480,transaction_count,anomaly,1769.0,1769000.0
T00007709,value,anomaly,1158404.0,11584040.0
T00000487,value,anomaly,765781.0,7657810.0
T00006751,transaction_count,anomaly,1495.0,1495000.0
T00002393,transaction_count,anomaly,1097.0,1097000.0
T00000767,value,anomaly,844446.0,8444460.0
T00001614,value,anomaly,750637.0,7506370.0
T00000451,transaction_count,anomaly,1196.0,1196000.0
T00001663,transaction_count,anomaly,866.0,866000.0
T00001246,value,anomaly,527487.0,5274870.0
T00009718,value,anomaly,901982.0,9019820.0
T00008444,transaction_count,anomaly,1476.0,1476000.0
T00008686,value,anomaly,364723.0,3647230.0
T00006305,value,anomaly,1117901.0,11179010.0
T00002666,transaction_count,anomaly,1259.0,1259000.0
T00008129,value,anomaly,1121592.0,11215920.0
T00005077,transaction_count,anomaly,1776.0,1776000.0
T00000475,value,anomaly,1157534.0,11575340.0
T00001083,transaction_count,anomaly,1656.0,1656000.0
T00005622,value,anomaly,1091229.0,10912290.0
T00005456,transaction_count,anomaly,2300.0,2300000.0
T00009324,value,anomaly,883034.0,8830340.0
T00005991,value,anomaly,426000.0,4260000.0
T00002270,transaction_count,anomaly,1445.0,1445000.0
T00006360,transaction_count,anomaly,1886.0,1886000.0
T00007785,transaction_count,anomaly,1288.0,1288000.0
T00009401,value,anomaly,944101.0,9441010.0
T00002606,value,anomaly,390364.0,3903640.0
T00007508,transaction_count,anomaly,1507.0,1507000.0
T00000180,transaction_count,anomaly,2349.0,2349000.0
T00001432,value,anomaly,686245.0,6862450.0
T00006731,transaction_count,anomaly,1744.0,1744000.0
T00006461,transaction_count,anomaly,773.0,773000.0
T00003668,transaction_count,anomaly,1982.0,1982000.0
T00009894,transaction_count,anomaly,1147.0,1147000.0
T00002836,transaction_count,anomaly,1211.0,1211000.0
T00003009,transaction_count,anomaly,1276.0,1276000.0
T00000569,transaction_count,anomaly,1339.0,1339000.0
T00008990,transaction_count,anomaly,2511.0,2511000.0
T00008797,transaction_count,anomaly,2090.0,2090000.0
T00001993,value,anomaly,947318.0,9473180.0
T00005064,transaction_count,anomaly,705.0,705000.0
T00009931,transaction_count,anomaly,461.0,461000.0
T00006659,transaction_count,anomaly,2187.0,2187000.0
T00006396,transaction_count,anomaly,1304.0,1304000.0
T00006073,value,anomaly,807169.0,8071690.0
T00009984,transaction_count,anomaly,2225.0,2225000.0
T00002293,value,anomaly,353516.0,3535160.0
T00000165,value,anomaly,1102948.0,11029480.0
T00009853,value,anomaly,684370.0,6843700.0
T00001990,transaction_count,anomaly,2485.0,2485000.0
T00007744,transaction_count,anomaly,610.0,610000.0
T00001187,transaction_count,anomaly,1973.0,1973000.0
T00003018,value,anomaly,921023.0,9210230.0
T00009710,value,anomaly,594917.0,5949170.0
T00000038,transaction_count,anomaly,1161.0,1161000.0
T00005743,value,anomaly,967640.0,9676400.0
T00003090,transaction_count,anomaly,2517.0,2517000.0
T00007029,transaction_count,anomaly,620.0,620000.0
T00006512,transaction_count,anomaly,2084.0,2084000.0
T00005326,value,anomaly,752764.0,7527640.0
T00009443,value,anomaly,949880.0,9498800.0
T00009297,value,anomaly,992144.0,9921440.0
T00008735,transaction_count,anomaly,2086.0,2086000.0
T00007435,value,anomaly,488934.0,4889340.0
T00000765,transaction_count,anomaly,1914.0,1914000.0
T00001906,value,anomaly,1060995.0,10609950.0
T00005073,value,anomaly,431392.0,4313920.0
T00003416,value,anomaly,434531.0,4345310.0
T00003695,transaction_count,anomaly,1080.0,1080000.0
T00006636,transaction_count,anomaly,1001.0,1001000.0
T00007981,value,anomaly,1116363.0,11163630.0
T00009062,transaction_count,anomaly,1719.0,1719000.0
T00001183,transaction_count,anomaly,1075.0,1075000.0
T00004800,transaction_count,anomaly,2294.0,2294000.0
T00004555,transaction_count,anomaly,807.0,807000.0
T00005750,value,anomaly,369526.0,3695260.0
T00006193,value,anomaly,1100297.0,11002970.0
T00008565,transaction_count,anomaly,1546.0,1546000.0
T00000059,value,anomaly,1170103.0,11701030.0
T00004183,value,anomaly,385209.0,3852090.0
T00006993,value,anomaly,624787.0,6247870.0
T00004614,transaction_count,anomaly,1126.0,1126000.0
T00003986,value,anomaly,1121626.0,11216260.0
T00004918,value,anomaly,945204.0,9452040.0
T00005122,transaction_count,anomaly,2075.0,2075000.0
T00005453,value,anomaly,375117.0,3751170.0
T00005871,value,anomaly,858388.0,8583880.0
T00007954,value,anomaly,1106041.0,11060410.0
T00003676,value,anomaly,904565.0,9045650.0
T00001308,transaction_count,anomaly,2423.0,2423000.0
T00002780,transaction_count,anomaly,529.0,529000.0
T00006491,value,anomaly,543606.0,5436060.0
T00001378,transaction_count,anomaly,1580.0,1580000.0
T00002366,transaction_count,anomaly,1531.0,1531000.0
T00007248,transaction_count,anomaly,507.0,507000.0
T00003317,transaction_count,anomaly,1938.0,1938000.0
T00006561,transaction_count,anomaly,1523.0,1523000.0
T00007857,value,anomaly,729152.0,7291520.0
T00006365,value,anomaly,429816.0,4298160.0
T00008456,transaction_count,anomaly,1818.0,1818000.0
T00001931,transaction_count,anomaly,2542.0,2542000.0
T00005296,transaction_count,anomaly,2499.0,2499000.0
T00005717,value,anomaly,579777.0,5797770.0
T00006878,value,anomaly,517112.0,5171120.0
T00007034,transaction_count,anomaly,457.0,457000.0
T00002185,value,anomaly,392151.0,3921510.0
T00004560,transaction_count,anomaly,1700.0,1700000.0
T00000319,transaction_count,anomaly,2269.0,2269000.0
T00005634,transaction_count,anomaly,2458.0,2458000.0
T00006451,value,anomaly,608751.0,6087510.0
T00009131,transaction_count,anomaly,567.0,567000.0
T00007755,transaction_count,anomaly,490.0,490000.0
T00002561,transaction_count,anomaly,747.0,747000.0
T00006753,transaction_count,anomaly,1455.0,1455000.0
T00008879,value,anomaly,1159729.0,11597290.0
T00002555,transaction_count,anomaly,711.0,711000.0
T00006319,transaction_count,anomaly,1202.0,1202000.0
T00004217,transaction_count,anomaly,1385.0,1385000.0
T00002904,transaction_count,anomaly,888.0,888000.0
T00008167,value,anomaly,645294.0,6452940.0
T00003547,transaction_count,anomaly,442.0,442000.0
T00004709,value,anomaly,813276.0,8132760.0
T00004542,value,anomaly,782451.0,7824510.0
T00006392,transaction_count,anomaly,1658.0,1658000.0
T00008099,value,anomaly,1156851.0,11568510.0
T00001771,value,anomaly,496756.0,4967560.0
T00001355,transaction_count,anomaly,911.0,911000.0
T00008731,transaction_count,anomaly,1898.0,1898000.0
T00008547,value,anomaly,642049.0,6420490.0
T00009540,value,anomaly,1127898.0,11278980.0
T00009573,value,anomaly,327246.0,3272460.0
T00009538,transaction_count,anomaly,1641.0,1641000.0
T00007455,value,anomaly,466598.0,4665980.0
T00007050,transaction_count,anomaly,630.0,630000.0
T00005922,transaction_count,anomaly,1032.0,1032000.0
T00008184,transaction_count,anomaly,470.0,470000.0
T00006294,value,anomaly,836858.0,8368580.0
T00008290,transaction_count,anomaly,1762.0,1762000.0
T00002817,value,anomaly,875148.0,8751480.0
T00009602,value,anomaly,954461.0,9544610.0
T00005789,value,anomaly,753217.0,7532170.0
T00005261,value,anomaly,1092459.0,10924590.0
T00001211,transaction_count,anomaly,1865.0,1865000.0
T00006623,value,anomaly,387151.0,3871510.0
T00008307,transaction_count,anomaly,1668.0,1668000.0
T00001131,value,anomaly,330924.0,3309240.0
T00004989,value,anomaly,379230.0,3792300.0
T00001529,value,anomaly,673561.0,6735610.0
T00001936,value,anomaly,987164.0,9871640.0
T00008179,value,anomaly,395115.0,3951150.0
T00004738,transaction_count,anomaly,1304.0,1304000.0
T00003366,transaction_count,anomaly,897.0,897000.0
T00008000,value,anomaly,863244.0,8632440.0
T00008903,transaction_count,anomaly,2294.0,2294000.0
T00007864,transaction_count,anomaly,2491.0,2491000.0
T00003048,value,anomaly,1015866.0,10158660.0
T00006774,value,anomaly,978737.0,9787370.0
T00009063,value,anomaly,1044764.0,10447640.0
T00002426,transaction_count,anomaly,2229.0,2229000.0
T00000700,transaction_count,anomaly,2411.0,2411000.0
T00007070,value,anomaly,830558.0,8305580.0
T00005039,transaction_count,anomaly,770.0,770000.0
T00008605,transaction_count,anomaly,600.0,600000.0
T00002286,transaction_count,anomaly,527.0,527000.0
T00009941,value,anomaly,664540.0,6645400.0
T00001758,transaction_count,anomaly,715.0,715000.0
T00001144,transaction_count,anomaly,1881.0,1881000.0
T00002407,transaction_count,anomaly,2526.0,2526000.0
T00004003,transaction_count,anomaly,1798.0,1798000.0
T00002582,transaction_count,anomaly,1888.0,1888000.0
T00004526,transaction_count,anomaly,1586.0,1586000.0
T00000473,value,anomaly,1044768.0,10447680.0
T00007283,value,anomaly,1200867.0,12008670.0
T00004282,value,anomaly,636058.0,6360580.0
T00009222,value,anomaly,503835.0,5038350.0
T00004086,transaction_count,anomaly,433.0,433000.0
T00008654,transaction_count,anomaly,2045.0,2045000.0
T00001459,transaction_count,anomaly,1901.0,1901000.0
T00003541,transaction_count,anomaly,1397.0,1397000.0
T00003737,value,anomaly,978412.0,9784120.0
T00006034,value,anomaly,705168.0,7051680.0
T00008756,transaction_count,anomaly,602.0,602000.0
T00004896,value,anomaly,476125.0,4761250.0
T00005107,transaction_count,anomaly,1628.0,1628000.0
T00004215,value,anomaly,676675.0,6766750.0
T00008073,value,anomaly,1001932.0,10019320.0
T00009436,transaction_count,anomaly,2077.0,2077000.0
T00003823,transaction_count,anomaly,2446.0,2446000.0
T00005683,transaction_count,anomaly,721.0,721000.0
T00000546,value,anomaly,837978.0,8379780.0
T00004030,transaction_count,anomaly,945.0,945000.0
T00002419,transaction_count,anomaly,2229.0,2229000.0
T00004718,transaction_count,anomaly,479.0,479000.0
T00003807,value,anomaly,613345.0,6133450.0
T00008851,value,anomaly,540388.0,5403880.0
T00001864,transaction_count,anomaly,1809.0,1809000.0
T00005990,value,anomaly,491209.0,4912090.0
T00002623,transaction_count,anomaly,1831.0,1831000.0
T00006510,value,anomaly,576318.0,5763180.0
T00004435,value,anomaly,371794.0,3717940.0
T00001819,transaction_count,anomaly,1947.0,1947000.0
T00000282,value,anomaly,826514.0,8265140.0
T00000714,value,anomaly,679501.0,6795010.0
T00007944,transaction_count,anomaly,1802.0,1802000.0
T00006732,value,anomaly,475505.0,4755050.0
T00008579,transaction_count,anomaly,2154.0,2154000.0
T00004102,value,anomaly,471234.0,4712340.0
T00005375,transaction_count,anomaly,1205.0,1205000.0
T00001950,value,anomaly,1123586.0,11235860.0
T00003049,value,anomaly,645989.0,6459890.0
T00004853,transaction_count,anomaly,1764.0,1764000.0
T00007083,transaction_count,anomaly,2101.0,2101000.0
T00003340,value,anomaly,577106.0,5771060.0
T00007125,transaction_count,anomaly,728.0,728000.0
T00004646,value,anomaly,423372.0,4233720.0
T00002843,value,anomaly,943373.0,9433730.0
T00005184,transaction_count,anomaly,833.0,833000.0
T00005047,transaction_count,anomaly,1346.0,1346000.0
T00004386,value,anomaly,481813.0,4818130.0
T00002933,transaction_count,anomaly,860.0,860000.0
T00009811,value,anomaly,392456.0,3924560.0
T00007770,value,anomaly,1175973.0,11759730.0
T00002827,value,anomaly,1191589.0,11915890.0
T00009218,value,anomaly,727320.0,7273200.0
T00008239,transaction_count,anomaly,2443.0,2443000.0
T00006531,value,anomaly,698184.0,6981840.0
T00005820,value,anomaly,718528.0,7185280.0
T00005394,transaction_count,anomaly,830.0,830000.0
T00001281,transaction_count,anomaly,1837.0,1837000.0
T00003045,value,anomaly,794048.0,7940480.0
T00003264,transaction_count,anomaly,930.0,930000.0
T00005915,value,anomaly,969557.0,9695570.0
T00009427,transaction_count,anomaly,1624.0,1624000.0
T00009152,transaction_count,anomaly,1294.0,1294000.0
T00004637,value,anomaly,489453.0,4894530.0
T00006298,value,anomaly,773648.0,7736480.0
T00009849,transaction_count,anomaly,1693.0,1693000.0
T00007260,value,anomaly,766014.0,7660140.0
T00001100,value,anomaly,344688.0,3446880.0
T00001579,transaction_count,anomaly,726.0,726000.0
T00006211,value,anomaly,332407.0,3324070.0
T00001868,transaction_count,anomaly,1359.0,1359000.0
T00008048,transaction_count,anomaly,1977.0,1977000.0
T00002510,value,anomaly,1004541.0,10045410.0
T00008518,value,anomaly,1052322.0,10523220.0
T00003686,transaction_count,anomaly,2368.0,2368000.0
T00006867,value,anomaly,971072.0,9710720.0
T00008421,value,anomaly,334080.0,3340800.0
T00007483,value,anomaly,740840.0,7408400.0
T00003753,transaction_count,anomaly,1442.0,1442000.0
T00008564,value,anomaly,619055.0,6190550.0
T00009976,transaction_count,anomaly,1824.0,1824000.0
T00006647,value,anomaly,327749.0,3277490.0
T00005698,transaction_count,anomaly,2134.0,2134000.0
T00000484,transaction_count,anomaly,858.0,858000.0
T00000352,value,anomaly,1159474.0,11594740.0
T00003302,transaction_count,anomaly,2009.0,2009000.0
T00006096,value,anomaly,362238.0,3622380.0
T00005544,value,anomaly,1169003.0,11690030.0
T00005238,transaction_count,anomaly,2013.0,2013000.0
T00003350,transaction_count,anomaly,1901.0,1901000.0
T00008536,transaction_count,anomaly,1384.0,1384000.0
T00009197,value,anomaly,579418.0,5794180.0
T00008515,value,anomaly,353633.0,3536330.0
T00008874,value,anomaly,1140867.0,11408670.0
T00009825,value,anomaly,1032285.0,10322850.0
T00005274,value,anomaly,1189888.0,11898880.0
T00000471,transaction_count,anomaly,1065.0,1065000.0
T00000881,value,anomaly,573460.0,5734600.0
T00001253,transaction_count,anomaly,1319.0,1319000.0
T00002424,value,anomaly,492502.0,4925020.0
T00004687,value,anomaly,648465.0,6484650.0
T00009957,value,anomaly,1195350.0,11953500.0
T00001812,value,anomaly,999808.0,9998080.0
T00002808,value,anomaly,1062441.0,10624410.0
T00002597,value,anomaly,447670.0,4476700.0
T00003653,transaction_count,anomaly,1380.0,1380000.0
T00005031,transaction_count,anomaly,1561.0,1561000.0
T00009512,value,anomaly,431604.0,4316040.0
T00008050,value,anomaly,657976.0,6579760.0
T00008477,value,anomaly,826550.0,8265500.0
T00008214,value,anomaly,1039785.0,10397850.0
T00005550,value,anomaly,978403.0,9784030.0
T00007477,value,anomaly,700850.0,7008500.0
T00005357,transaction_count,anomaly,1244.0,1244000.0
T00002450,value,anomaly,317948.0,3179480.0
T00003827,value,anomaly,688138.0,6881380.0
T00004498,value,anomaly,1103156.0,11031560.0
T00000972,transaction_count,anomaly,1465.0,1465000.0
T00006952,value,anomaly,497903.0,4979030.0
T00009654,value,anomaly,436964.0,4369640.0
T00007387,value,anomaly,583296.0,5832960.0
T00009099,value,anomaly,820784.0,8207840.0
T00003780,value,anomaly,546506.0,5465060.0
T00001293,transaction_count,anomaly,2023.0,2023000.0
T00003586,value,anomaly,890684.0,8906840.0
T00007931,value,anomaly,1180326.0,11803260.0
T00007708,transaction_count,anomaly,1431.0,1431000.0
T00004297,value,anomaly,630330.0,6303300.0
T00008464,value,anomaly,541191.0,5411910.0
T00009780,value,anomaly,660117.0,6601170.0
T00008803,transaction_count,anomaly,1034.0,1034000.0
T00006277,transaction_count,anomaly,935.0,935000.0
T00009786,transaction_count,anomaly,2139.0,2139000.0
T00008206,transaction_count,anomaly,2400.0,2400000.0
T00008983,transaction_count,anomaly,683.0,683000.0
T00002206,transaction_count,anomaly,1671.0,1671000.0
T00009252,transaction_count,anomaly,1421.0,1421000.0
T00003429,transaction_count,anomaly,1794.0,1794000.0
T00008420,transaction_count,anomaly,443.0,443000.0
T00005678,value,anomaly,776731.0,7767310.0
T00001155,value,anomaly,393140.0,3931400.0
T00001746,transaction_count,anomaly,971.0,971000.0
T00009843,value,anomaly,523823.0,5238230.0
T00007108,value,anomaly,796824.0,7968240.0
T00006421,transaction_count,anomaly,651.0,651000.0
T00006099,transaction_count,anomaly,1836.0,1836000.0
T00000627,transaction_count,anomaly,2274.0,2274000.0
T00000082,value,anomaly,1184412.0,11844120.0
T00005104,value,anomaly,589343.0,5893430.0
T00008151,value,anomaly,1088120.0,10881200.0
T00002717,value,anomaly,884790.0,8847900.0
T00004256,transaction_count,anomaly,863.0,863000.0
T00005498,value,anomaly,660005.0,6600050.0
T00007342,value,anomaly,762427.0,7624270.0
T00000566,value,anomaly,375427.0,3754270.0
T00006666,transaction_count,anomaly,1891.0,1891000.0
T00006633,value,anomaly,961449.0,9614490.0
T00009061,value,anomaly,490943.0,4909430.0
T00007143,transaction_count,anomaly,2193.0,2193000.0
T00008467,transaction_count,anomaly,2029.0,2029000.0
T00002720,value,anomaly,590241.0,5902410.0
T00002645,transaction_count,anomaly,513.0,513000.0
T00003384,transaction_count,anomaly,1365.0,1365000.0
T00005957,value,anomaly,311316.0,3113160.0
T00008365,value,anomaly,1016103.0,10161030.0
T00004786,transaction_count,anomaly,1575.0,1575000.0
T00006262,value,anomaly,1175155.0,11751550.0
T00002126,transaction_count,anomaly,1261.0,1261000.0
T00008054,transaction_count,anomaly,873.0,873000.0
T00004792,transaction_count,anomaly,2512.0,2512000.0
T00005163,transaction_count,anomaly,2438.0,2438000.0
T00004973,value,anomaly,505627.0,5056270.0
T00001683,transaction_count,anomaly,408.0,408000.0
T00006141,transaction_count,anomaly,1870.0,1870000.0
T00002962,value,anomaly,752772.0,7527720.0
T00003285,transaction_count,anomaly,1708.0,1708000.0
T00002224,value,anomaly,992673.0,9926730.0
T00008627,value,anomaly,883183.0,8831830.0
T00006260,value,anomaly,549858.0,5498580.0
T00009545,value,anomaly,1137063.0,11370630.0
T00000872,transaction_count,anomaly,1327.0,1327000.0
T00006618,value,anomaly,658503.0,6585030.0
T00006132,value,anomaly,698258.0,6982580.0
T00001449,transaction_count,anomaly,2224.0,2224000.0
T00007142,transaction_count,anomaly,916.0,916000.0
T00002420,value,anomaly,606479.0,6064790.0
T00001054,value,anomaly,810720.0,8107200.0
T00005510,transaction_count,anomaly,1270.0,1270000.0
T00007413,transaction_count,anomaly,2396.0,2396000.0
T00000962,transaction_count,anomaly,1621.0,1621000.0
T00000381,transaction_count,anomaly,1433.0,1433000.0
T00007872,value,anomaly,1004736.0,10047360.0
T00007065,transaction_count,anomaly,433.0,433000.0
T00008295,value,anomaly,967139.0,9671390.0
T00003968,value,anomaly,386322.0,3863220.0
T00006894,transaction_count,anomaly,1155.0,1155000.0
T00004426,transaction_count,anomaly,1490.0,1490000.0
T00002840,value,anomaly,997334.0,9973340.0
T00009569,value,anomaly,367546.0,3675460.0
T00002064,transaction_count,anomaly,1229.0,1229000.0
T00000311,value,anomaly,817541.0,8175410.0
T00005736,transaction_count,anomaly,2103.0,2103000.0
T00005517,value,anomaly,795313.0,7953130.0
T00006968,transaction_count,anomaly,1866.0,1866000.0
T00004629,value,anomaly,946271.0,9462710.0
T00005562,value,anomaly,979971.0,9799710.0
T00008332,value,anomaly,571973.0,5719730.0
T00006954,transaction_count,anomaly,1638.0,1638000.0
T00009004,transaction_count,anomaly,2495.0,2495000.0
T00002851,transaction_count,anomaly,2180.0,2180000.0
T00004681,transaction_count,anomaly,684.0,684000.0
T00000075,value,anomaly,700875.0,7008750.0
T00007496,transaction_count,anomaly,1258.0,1258000.0
T00004655,transaction_count,anomaly,433.0,433000.0
T00002679,transaction_count,anomaly,683.0,683000.0
T00007591,transaction_count,anomaly,1167.0,1167000.0
T00001115,transaction_count,anomaly,458.0,458000.0
T00007928,transaction_count,anomaly,496.0,496000.0
T00003570,transaction_count,anomaly,1911.0,1911000.0
T00005785,value,anomaly,377314.0,3773140.0
T00007940,transaction_count,anomaly,464.0,464000.0
T00005626,value,anomaly,301104.0,3011040.0
T00001774,transaction_count,anomaly,2477.0,2477000.0
T00004413,value,anomaly,642402.0,6424020.0
T00009093,transaction_count,anomaly,1670.0,1670000.0
T00005720,value,anomaly,534877.0,5348770.0
T00000338,transaction_count,anomaly,1253.0,1253000.0
T00003699,value,anomaly,942802.0,9428020.0
T00002533,value,anomaly,362442.0,3624420.0
T00000504,transaction_count,anomaly,1074.0,1074000.0
T00009411,transaction_count,anomaly,1639.0,1639000.0
T00007852,value,anomaly,956757.0,9567570.0
T00000235,value,anomaly,478269.0,4782690.0
T00003683,transaction_count,anomaly,1190.0,1190000.0
T00009238,transaction_count,anomaly,1122.0,1122000.0
T00007073,value,anomaly,1085798.0,10857980.0
T00001412,transaction_count,anomaly,1135.0,1135000.0
T00003889,value,anomaly,770019.0,7700190.0
T00005106,transaction_count,anomaly,523.0,523000.0
T00002478,value,anomaly,714997.0,7149970.0
T00009450,value,anomaly,509986.0,5099860.0
T00001245,value,anomaly,627767.0,6277670.0
T00000175,transaction_count,anomaly,2056.0,2056000.0
T00000696,transaction_count,anomaly,1049.0,1049000.0
T00001968,value,anomaly,440768.0,4407680.0
T00000030,transaction_count,anomaly,1640.0,1640000.0
T00009735,transaction_count,anomaly,917.0,917000.0
T00001536,transaction_count,anomaly,2450.0,2450000.0
T00009943,transaction_count,anomaly,632.0,632000.0
T00005992,value,anomaly,791317.0,7913170.0
T00007376,value,anomaly,451356.0,4513560.0
T00009482,transaction_count,anomaly,2180.0,2180000.0
T00000902,value,anomaly,856468.0,8564680.0
T00006256,value,anomaly,1090367.0,10903670.0
T00000298,value,anomaly,519693.0,5196930.0
T00004865,transaction_count,anomaly,2259.0,2259000.0
T00001551,transaction_count,anomaly,2263.0,2263000.0
T00006652,transaction_count,anomaly,2143.0,2143000.0
T00000446,value,anomaly,871193.0,8711930.0
T00008834,value,anomaly,571264.0,5712640.0
T00003032,transaction_count,anomaly,458.0,458000.0
T00000785,value,anomaly,407456.0,4074560.0
T00004076,transaction_count,anomaly,587.0,587000.0
T00008031,value,anomaly,778612.0,7786120.0
T00003595,value,anomaly,1139035.0,11390350.0
T00005863,value,anomaly,720005.0,7200050.0
T00008264,transaction_count,anomaly,2144.0,2144000.0
T00004814,transaction_count,anomaly,2545.0,2545000.0
T00001010,value,anomaly,568659.0,5686590.0
T00001383,transaction_count,anomaly,1088.0,1088000.0
T00008717,transaction_count,anomaly,1621.0,1621000.0
T00005168,transaction_count,anomaly,508.0,508000.0
T00001278,transaction_count,anomaly,2091.0,2091000.0
T00008659,value,anomaly,948986.0,9489860.0
T00003719,transaction_count,anomaly,2091.0,2091000.0
T00003008,transaction_count,anomaly,1885.0,1885000.0
T00004340,value,anomaly,496510.0,4965100.0
T00008783,value,anomaly,908315.0,9083150.0
T00006848,transaction_count,anomaly,1524.0,1524000.0
T00003849,transaction_count,anomaly,564.0,564000.0
T00002818,value,anomaly,684468.0,6844680.0
T00005275,value,anomaly,560503.0,5605030.0
T00003094,transaction_count,anomaly,595.0,595000.0
T00002025,value,anomaly,779830.0,7798300.0
T00003925,value,anomaly,698953.0,6989530.0
T00001287,transaction_count,anomaly,2456.0,2456000.0
T00008383,transaction_count,anomaly,1214.0,1214000.0
T00001078,value,anomaly,1046177.0,10461770.0
T00006840,value,anomaly,519837.0,5198370.0
T00003014,value,anomaly,646620.0,6466200.0
T00002517,value,anomaly,483940.0,4839400.0
T00006340,transaction_count,anomaly,1568.0,1568000.0
T00002873,value,anomaly,1000996.0,10009960.0
T00007314,value,anomaly,930943.0,9309430.0
T00001490,value,anomaly,1010066.0,10100660.0
T00007246,transaction_count,anomaly,472.0,472000.0
T00006737,transaction_count,anomaly,1413.0,1413000.0
T00002178,transaction_count,anomaly,1471.0,1471000.0
T00001056,value,anomaly,303654.0,3036540.0
T00000132,transaction_count,anomaly,1052.0,1052000.0
T00007226,value,anomaly,727589.0,7275890.0
T00009848,transaction_count,anomaly,1662.0,1662000.0
T00001492,transaction_count,anomaly,2082.0,2082000.0
T00003640,transaction_count,anomaly,2177.0,2177000.0
T00002957,value,anomaly,1018350.0,10183500.0
T00007847,transaction_count,anomaly,410.0,410000.0
T00008567,transaction_count,anomaly,2161.0,2161000.0
T00007559,transaction_count,anomaly,2315.0,2315000.0
T00007390,value,anomaly,446565.0,4465650.0
T00005412,transaction_count,anomaly,495.0,495000.0
T00004860,transaction_count,anomaly,2225.0,2225000.0
T00009662,value,anomaly,540443.0,5404430.0
T00009938,transaction_count,anomaly,1374.0,1374000.0
T00007536,value,anomaly,806819.0,8068190.0
T00007366,transaction_count,anomaly,937.0,937000.0
T00001508,transaction_count,anomaly,2485.0,2485000.0
T00009094,value,anomaly,348667.0,3486670.0
T00006296,value,anomaly,457183.0,4571830.0
T00009036,transaction_count,anomaly,2456.0,2456000.0
T00009874,value,anomaly,949426.0,9494260.0
T00007203,value,anomaly,491176.0,4911760.0
T00005800,value,anomaly,740307.0,7403070.0
T00003327,transaction_count,anomaly,1669.0,1669000.0
T00002825,transaction_count,anomaly,702.0,702000.0
T00003733,transaction_count,anomaly,1449.0,1449000.0
T00002370,value,anomaly,632973.0,6329730.0
T00005525,value,anomaly,710514.0,7105140.0
T00008913,transaction_count,anomaly,816.0,816000.0
T00006331,transaction_count,anomaly,690.0,690000.0
T00007359,transaction_count,anomaly,508.0,508000.0
T00005872,transaction_count,anomaly,1277.0,1277000.0
T00003276,transaction_count,anomaly,2449.0,2449000.0
T00008430,value,anomaly,557028.0,5570280.0
T00009369,value,anomaly,1078144.0,10781440.0
T00004508,transaction_count,anomaly,1847.0,1847000.0
T00005594,transaction_count,anomaly,654.0,654000.0
T00008988,transaction_count,anomaly,1802.0,1802000.0
T00005003,transaction_count,anomaly,1265.0,1265000.0
T00008702,value,anomaly,315196.0,3151960.0
T00007441,value,anomaly,408975.0,4089750.0
T00006189,transaction_count,anomaly,1664.0,1664000.0
T00000853,transaction_count,anomaly,1358.0,1358000.0
T00003677,value,anomaly,824887.0,8248870.0
T00004088,value,anomaly,409228.0,4092280.0
T00003793,transaction_count,anomaly,2023.0,2023000.0
T00006947,transaction_count,anomaly,2384.0,2384000.0
T00003396,transaction_count,anomaly,696.0,696000.0
